{"type": "FeatureCollection", "features": [{"type": "Feature", "geometry": {"type": "Polygon", "coordinates": [[[37.600410670274876, 55.75705741523671], [37.600400056689985, 55.757053849314175], [37.600410670274876, 55.75705028339164], [37.60042659065221, 55.757053849314175], [37.600410670274876, 55.75705741523671]]]}, "properties": {"id": 0, "bound": true, "edge_id": 0, "ID": "{857058a0-dc24-483e-a991-0ed03693b26f}", "na_obj": "\u041d\u0438\u043a\u0438\u0442\u0441\u043a\u0430\u044f \u0411\u043e\u043b\u044c\u0448\u0430\u044f \u0443\u043b\u0438\u0446\u0430", "um_code": "004730", "no_omk": "-", "ao": "\u0426\u0410\u041e", "rajon": "\u041f\u0440\u0435\u0441\u043d\u0435\u043d\u0441\u043a\u0438\u0439", "status": "\u0421\u0443\u0449\u0435\u0441\u0442\u0432\u0443\u044e\u0449\u0438\u0435", "length": 125.2, "type_uds": "\u041e\u0434\u043d\u0430 \u043f\u0440\u043e\u0435\u0437\u0436\u0430\u044f \u0447\u0430\u0441\u0442\u044c", "rlane": "\u0414\u0430", "one_way": "\u043d\u0435\u0442", "kl_gp": "\u041c\u0430\u0433\u0438\u0441\u0442\u0440\u0430\u043b\u044c\u043d\u044b\u0435 \u0443\u043b\u0438\u0446\u044b \u043e\u0431\u0449\u0435\u0433\u043e\u0440\u043e\u0434\u0441\u043a\u043e\u0433\u043e \u0437\u043d\u0430\u0447\u0435\u043d\u0438\u044f II \u043a\u043b\u0430\u0441\u0441\u0430 \u0446\u0435\u043d\u0442\u0440\u0430", "class_active_2016": "\u041c\u0430\u0433\u0438\u0441\u0442\u0440\u0430\u043b\u044c\u043d\u044b\u0435 \u0443\u043b\u0438\u0446\u044b \u0440\u0430\u0439\u043e\u043d\u043d\u043e\u0433\u043e \u0437\u043d\u0430\u0447\u0435\u043d\u0438\u044f", "offer_2016": "\u041c\u0430\u0433\u0438\u0441\u0442\u0440\u0430\u043b\u044c\u043d\u044b\u0435 \u0443\u043b\u0438\u0446\u044b \u0440\u0430\u0439\u043e\u043d\u043d\u043e\u0433\u043e \u0437\u043d\u0430\u0447\u0435\u043d\u0438\u044f"}}, {"type": "Feature", "geometry": {"type": "Polygon", "coordinates": [[[37.5978581031086, 55.75701284120507], [37.597874023485936, 55.7570217560114], [37.597863409901045, 55.757018190088864], [37.597852796316154, 55.75703067081773], [37.597852796316154, 55.75700749232127], [37.597863409901045, 55.75700749232127], [37.5978581031086, 55.75701284120507]]]}, "properties": {"id": 1, "bound": true, "edge_id": 4, "ID": "{5abd58c6-c551-4c1c-be3b-868cb80cca32}", "na_obj": "\u041d\u0438\u043a\u0438\u0442\u0441\u043a\u0438\u0439 \u0431\u0443\u043b\u044c\u0432\u0430\u0440", "um_code": "027050", "no_omk": "-", "ao": "\u0426\u0410\u041e", "rajon": "\u041f\u0440\u0435\u0441\u043d\u0435\u043d\u0441\u043a\u0438\u0439", "status": "\u0421\u0443\u0449\u0435\u0441\u0442\u0432\u0443\u044e\u0449\u0438\u0435", "length": 239.3, "type_uds": "\u041d\u0430\u043f\u0440\u0430\u0432\u043b\u0435\u043d\u0438\u0435 2", "rlane": "\u0414\u0430", "one_way": "\u0434\u0430", "kl_gp": "\u041c\u0430\u0433\u0438\u0441\u0442\u0440\u0430\u043b\u044c\u043d\u044b\u0435 \u0443\u043b\u0438\u0446\u044b \u043e\u0431\u0449\u0435\u0433\u043e\u0440\u043e\u0434\u0441\u043a\u043e\u0433\u043e \u0437\u043d\u0430\u0447\u0435\u043d\u0438\u044f II \u043a\u043b\u0430\u0441\u0441\u0430 \u0446\u0435\u043d\u0442\u0440\u0430", "class_active_2016": "\u041c\u0430\u0433\u0438\u0441\u0442\u0440\u0430\u043b\u044c\u043d\u044b\u0435 \u0443\u043b\u0438\u0446\u044b \u043e\u0431\u0449\u0435\u0433\u043e\u0440\u043e\u0434\u0441\u043a\u043e\u0433\u043e \u0437\u043d\u0430\u0447\u0435\u043d\u0438\u044f 3-\u0433\u043e \u043a\u043b\u0430\u0441\u0441\u0430 - \u0440\u0435\u0433\u0443\u043b\u0438\u0440\u0443\u0435\u043c\u043e\u0433\u043e \u0434\u0432\u0438\u0436\u0435\u043d\u0438\u044f", "offer_2016": "\u041c\u0430\u0433\u0438\u0441\u0442\u0440\u0430\u043b\u044c\u043d\u044b\u0435 \u0443\u043b\u0438\u0446\u044b \u043e\u0431\u0449\u0435\u0433\u043e\u0440\u043e\u0434\u0441\u043a\u043e\u0433\u043e \u0437\u043d\u0430\u0447\u0435\u043d\u0438\u044f 3-\u0433\u043e \u043a\u043b\u0430\u0441\u0441\u0430 - \u0440\u0435\u0433\u0443\u043b\u0438\u0440\u0443\u0435\u043c\u043e\u0433\u043e \u0434\u0432\u0438\u0436\u0435\u043d\u0438\u044f"}}, {"type": "Feature", "geometry": {"type": "Polygon", "coordinates": [[[37.599083972163506, 55.757078810771894], [37.599062744993724, 55.75707524484936], [37.59906805178617, 55.75706633004303], [37.599083972163506, 55.75706454708177], [37.599083972163506, 55.757078810771894]]]}, "properties": {"id": 2, "bound": true, "edge_id": 6, "ID": "{36bf092d-e47c-4fde-85d5-c928a5eefe4a}", "na_obj": "\u041d\u0438\u043a\u0438\u0442\u0441\u043a\u0438\u0439 \u0431\u0443\u043b\u044c\u0432\u0430\u0440", "um_code": "027050", "no_omk": "-", "ao": "\u0426\u0410\u041e", "rajon": "\u041f\u0440\u0435\u0441\u043d\u0435\u043d\u0441\u043a\u0438\u0439", "status": "\u0421\u0443\u0449\u0435\u0441\u0442\u0432\u0443\u044e\u0449\u0438\u0435", "length": 291.3, "type_uds": "\u041d\u0430\u043f\u0440\u0430\u0432\u043b\u0435\u043d\u0438\u0435 1", "rlane": "\u0414\u0430", "one_way": "\u0434\u0430", "kl_gp": "\u041c\u0430\u0433\u0438\u0441\u0442\u0440\u0430\u043b\u044c\u043d\u044b\u0435 \u0443\u043b\u0438\u0446\u044b \u043e\u0431\u0449\u0435\u0433\u043e\u0440\u043e\u0434\u0441\u043a\u043e\u0433\u043e \u0437\u043d\u0430\u0447\u0435\u043d\u0438\u044f II \u043a\u043b\u0430\u0441\u0441\u0430 \u0446\u0435\u043d\u0442\u0440\u0430", "class_active_2016": "\u041c\u0430\u0433\u0438\u0441\u0442\u0440\u0430\u043b\u044c\u043d\u044b\u0435 \u0443\u043b\u0438\u0446\u044b \u043e\u0431\u0449\u0435\u0433\u043e\u0440\u043e\u0434\u0441\u043a\u043e\u0433\u043e \u0437\u043d\u0430\u0447\u0435\u043d\u0438\u044f 3-\u0433\u043e \u043a\u043b\u0430\u0441\u0441\u0430 - \u0440\u0435\u0433\u0443\u043b\u0438\u0440\u0443\u0435\u043c\u043e\u0433\u043e \u0434\u0432\u0438\u0436\u0435\u043d\u0438\u044f", "offer_2016": "\u041c\u0430\u0433\u0438\u0441\u0442\u0440\u0430\u043b\u044c\u043d\u044b\u0435 \u0443\u043b\u0438\u0446\u044b \u043e\u0431\u0449\u0435\u0433\u043e\u0440\u043e\u0434\u0441\u043a\u043e\u0433\u043e \u0437\u043d\u0430\u0447\u0435\u043d\u0438\u044f 3-\u0433\u043e \u043a\u043b\u0430\u0441\u0441\u0430 - \u0440\u0435\u0433\u0443\u043b\u0438\u0440\u0443\u0435\u043c\u043e\u0433\u043e \u0434\u0432\u0438\u0436\u0435\u043d\u0438\u044f"}}, {"type": "Feature", "geometry": {"type": "Polygon", "coordinates": [[[37.600060421973474, 55.75711625295847], [37.60003919480369, 55.75711090407467], [37.60004980838858, 55.75710733815214], [37.600071035558365, 55.757112687035935], [37.600060421973474, 55.75711625295847]]]}, "properties": {"id": 3, "bound": true, "edge_id": 1, "ID": "{c6e43283-d6c7-4947-bf42-9f1e286a838c}", "na_obj": "\u041a\u0430\u043b\u0430\u0448\u043d\u044b\u0439 \u043f\u0435\u0440\u0435\u0443\u043b\u043e\u043a", "um_code": "009200", "no_omk": "-", "ao": "\u0426\u0410\u041e", "rajon": "\u0410\u0440\u0431\u0430\u0442,\u041f\u0440\u0435\u0441\u043d\u0435\u043d\u0441\u043a\u0438\u0439", "status": "\u0421\u0443\u0449\u0435\u0441\u0442\u0432\u0443\u044e\u0449\u0438\u0435", "length": 453.6, "type_uds": "\u041e\u0434\u043d\u0430 \u043f\u0440\u043e\u0435\u0437\u0436\u0430\u044f \u0447\u0430\u0441\u0442\u044c", "rlane": "\u0414\u0430", "one_way": "\u0434\u0430", "kl_gp": "\u041f\u0440\u043e\u0447\u0430\u044f \u0443\u043b\u0438\u0447\u043d\u043e-\u0434\u043e\u0440\u043e\u0436\u043d\u0430\u044f \u0441\u0435\u0442\u044c \u041c\u043e\u0441\u043a\u0432\u044b", "class_active_2016": "\u0423\u043b\u0438\u0446\u044b \u0438 \u0434\u043e\u0440\u043e\u0433\u0438 \u043c\u0435\u0441\u0442\u043d\u043e\u0433\u043e \u0437\u043d\u0430\u0447\u0435\u043d\u0438\u044f", "offer_2016": "\u0423\u043b\u0438\u0446\u044b \u0438 \u0434\u043e\u0440\u043e\u0433\u0438 \u043c\u0435\u0441\u0442\u043d\u043e\u0433\u043e \u0437\u043d\u0430\u0447\u0435\u043d\u0438\u044f"}}, {"type": "Feature", "geometry": {"type": "Polygon", "coordinates": [[[37.597852796316154, 55.7571251677648], [37.59786871669349, 55.75712338480353], [37.5978581031086, 55.75712695072606], [37.597863409901045, 55.75713229960986], [37.597852796316154, 55.757137648493654], [37.597852796316154, 55.7571251677648]]]}, "properties": {"id": 4, "bound": true, "edge_id": 4, "ID": "{5abd58c6-c551-4c1c-be3b-868cb80cca32}", "na_obj": "\u041d\u0438\u043a\u0438\u0442\u0441\u043a\u0438\u0439 \u0431\u0443\u043b\u044c\u0432\u0430\u0440", "um_code": "027050", "no_omk": "-", "ao": "\u0426\u0410\u041e", "rajon": "\u041f\u0440\u0435\u0441\u043d\u0435\u043d\u0441\u043a\u0438\u0439", "status": "\u0421\u0443\u0449\u0435\u0441\u0442\u0432\u0443\u044e\u0449\u0438\u0435", "length": 239.3, "type_uds": "\u041d\u0430\u043f\u0440\u0430\u0432\u043b\u0435\u043d\u0438\u0435 2", "rlane": "\u0414\u0430", "one_way": "\u0434\u0430", "kl_gp": "\u041c\u0430\u0433\u0438\u0441\u0442\u0440\u0430\u043b\u044c\u043d\u044b\u0435 \u0443\u043b\u0438\u0446\u044b \u043e\u0431\u0449\u0435\u0433\u043e\u0440\u043e\u0434\u0441\u043a\u043e\u0433\u043e \u0437\u043d\u0430\u0447\u0435\u043d\u0438\u044f II \u043a\u043b\u0430\u0441\u0441\u0430 \u0446\u0435\u043d\u0442\u0440\u0430", "class_active_2016": "\u041c\u0430\u0433\u0438\u0441\u0442\u0440\u0430\u043b\u044c\u043d\u044b\u0435 \u0443\u043b\u0438\u0446\u044b \u043e\u0431\u0449\u0435\u0433\u043e\u0440\u043e\u0434\u0441\u043a\u043e\u0433\u043e \u0437\u043d\u0430\u0447\u0435\u043d\u0438\u044f 3-\u0433\u043e \u043a\u043b\u0430\u0441\u0441\u0430 - \u0440\u0435\u0433\u0443\u043b\u0438\u0440\u0443\u0435\u043c\u043e\u0433\u043e \u0434\u0432\u0438\u0436\u0435\u043d\u0438\u044f", "offer_2016": "\u041c\u0430\u0433\u0438\u0441\u0442\u0440\u0430\u043b\u044c\u043d\u044b\u0435 \u0443\u043b\u0438\u0446\u044b \u043e\u0431\u0449\u0435\u0433\u043e\u0440\u043e\u0434\u0441\u043a\u043e\u0433\u043e \u0437\u043d\u0430\u0447\u0435\u043d\u0438\u044f 3-\u0433\u043e \u043a\u043b\u0430\u0441\u0441\u0430 - \u0440\u0435\u0433\u0443\u043b\u0438\u0440\u0443\u0435\u043c\u043e\u0433\u043e \u0434\u0432\u0438\u0436\u0435\u043d\u0438\u044f"}}, {"type": "Feature", "geometry": {"type": "Polygon", "coordinates": [[[37.59878679178656, 55.757173307718965], [37.59877617820167, 55.75716974179643], [37.59876556461678, 55.75716795883517], [37.59878679178656, 55.7571661758739], [37.59879740537145, 55.757171524757695], [37.59878679178656, 55.757173307718965]]]}, "properties": {"id": 5, "bound": true, "edge_id": 6, "ID": "{36bf092d-e47c-4fde-85d5-c928a5eefe4a}", "na_obj": "\u041d\u0438\u043a\u0438\u0442\u0441\u043a\u0438\u0439 \u0431\u0443\u043b\u044c\u0432\u0430\u0440", "um_code": "027050", "no_omk": "-", "ao": "\u0426\u0410\u041e", "rajon": "\u041f\u0440\u0435\u0441\u043d\u0435\u043d\u0441\u043a\u0438\u0439", "status": "\u0421\u0443\u0449\u0435\u0441\u0442\u0432\u0443\u044e\u0449\u0438\u0435", "length": 291.3, "type_uds": "\u041d\u0430\u043f\u0440\u0430\u0432\u043b\u0435\u043d\u0438\u0435 1", "rlane": "\u0414\u0430", "one_way": "\u0434\u0430", "kl_gp": "\u041c\u0430\u0433\u0438\u0441\u0442\u0440\u0430\u043b\u044c\u043d\u044b\u0435 \u0443\u043b\u0438\u0446\u044b \u043e\u0431\u0449\u0435\u0433\u043e\u0440\u043e\u0434\u0441\u043a\u043e\u0433\u043e \u0437\u043d\u0430\u0447\u0435\u043d\u0438\u044f II \u043a\u043b\u0430\u0441\u0441\u0430 \u0446\u0435\u043d\u0442\u0440\u0430", "class_active_2016": "\u041c\u0430\u0433\u0438\u0441\u0442\u0440\u0430\u043b\u044c\u043d\u044b\u0435 \u0443\u043b\u0438\u0446\u044b \u043e\u0431\u0449\u0435\u0433\u043e\u0440\u043e\u0434\u0441\u043a\u043e\u0433\u043e \u0437\u043d\u0430\u0447\u0435\u043d\u0438\u044f 3-\u0433\u043e \u043a\u043b\u0430\u0441\u0441\u0430 - \u0440\u0435\u0433\u0443\u043b\u0438\u0440\u0443\u0435\u043c\u043e\u0433\u043e \u0434\u0432\u0438\u0436\u0435\u043d\u0438\u044f", "offer_2016": "\u041c\u0430\u0433\u0438\u0441\u0442\u0440\u0430\u043b\u044c\u043d\u044b\u0435 \u0443\u043b\u0438\u0446\u044b \u043e\u0431\u0449\u0435\u0433\u043e\u0440\u043e\u0434\u0441\u043a\u043e\u0433\u043e \u0437\u043d\u0430\u0447\u0435\u043d\u0438\u044f 3-\u0433\u043e \u043a\u043b\u0430\u0441\u0441\u0430 - \u0440\u0435\u0433\u0443\u043b\u0438\u0440\u0443\u0435\u043c\u043e\u0433\u043e \u0434\u0432\u0438\u0436\u0435\u043d\u0438\u044f"}}, {"type": "Feature", "geometry": {"type": "Polygon", "coordinates": [[[37.599577503860935, 55.75717687364149], [37.599577503860935, 55.75716974179643], [37.59960403782316, 55.75716260995137], [37.599588117445826, 55.757171524757695], [37.59959342423827, 55.75717509068023], [37.599566890276044, 55.757180439564024], [37.599577503860935, 55.75717687364149]]]}, "properties": {"id": 6, "bound": true, "edge_id": 1, "ID": "{c6e43283-d6c7-4947-bf42-9f1e286a838c}", "na_obj": "\u041a\u0430\u043b\u0430\u0448\u043d\u044b\u0439 \u043f\u0435\u0440\u0435\u0443\u043b\u043e\u043a", "um_code": "009200", "no_omk": "-", "ao": "\u0426\u0410\u041e", "rajon": "\u0410\u0440\u0431\u0430\u0442,\u041f\u0440\u0435\u0441\u043d\u0435\u043d\u0441\u043a\u0438\u0439", "status": "\u0421\u0443\u0449\u0435\u0441\u0442\u0432\u0443\u044e\u0449\u0438\u0435", "length": 453.6, "type_uds": "\u041e\u0434\u043d\u0430 \u043f\u0440\u043e\u0435\u0437\u0436\u0430\u044f \u0447\u0430\u0441\u0442\u044c", "rlane": "\u0414\u0430", "one_way": "\u0434\u0430", "kl_gp": "\u041f\u0440\u043e\u0447\u0430\u044f \u0443\u043b\u0438\u0447\u043d\u043e-\u0434\u043e\u0440\u043e\u0436\u043d\u0430\u044f \u0441\u0435\u0442\u044c \u041c\u043e\u0441\u043a\u0432\u044b", "class_active_2016": "\u0423\u043b\u0438\u0446\u044b \u0438 \u0434\u043e\u0440\u043e\u0433\u0438 \u043c\u0435\u0441\u0442\u043d\u043e\u0433\u043e \u0437\u043d\u0430\u0447\u0435\u043d\u0438\u044f", "offer_2016": "\u0423\u043b\u0438\u0446\u044b \u0438 \u0434\u043e\u0440\u043e\u0433\u0438 \u043c\u0435\u0441\u0442\u043d\u043e\u0433\u043e \u0437\u043d\u0430\u0447\u0435\u043d\u0438\u044f"}}, {"type": "Feature", "geometry": {"type": "Polygon", "coordinates": [[[37.600352295557975, 55.757223230634395], [37.6003204548033, 55.75722679655693], [37.60030984121841, 55.757223230634395], [37.6003204548033, 55.75721966471187], [37.60033106838819, 55.757223230634395], [37.600341681973084, 55.75721966471187], [37.600352295557975, 55.757223230634395]]]}, "properties": {"id": 7, "bound": true, "edge_id": 0, "ID": "{857058a0-dc24-483e-a991-0ed03693b26f}", "na_obj": "\u041d\u0438\u043a\u0438\u0442\u0441\u043a\u0430\u044f \u0411\u043e\u043b\u044c\u0448\u0430\u044f \u0443\u043b\u0438\u0446\u0430", "um_code": "004730", "no_omk": "-", "ao": "\u0426\u0410\u041e", "rajon": "\u041f\u0440\u0435\u0441\u043d\u0435\u043d\u0441\u043a\u0438\u0439", "status": "\u0421\u0443\u0449\u0435\u0441\u0442\u0432\u0443\u044e\u0449\u0438\u0435", "length": 125.2, "type_uds": "\u041e\u0434\u043d\u0430 \u043f\u0440\u043e\u0435\u0437\u0436\u0430\u044f \u0447\u0430\u0441\u0442\u044c", "rlane": "\u0414\u0430", "one_way": "\u043d\u0435\u0442", "kl_gp": "\u041c\u0430\u0433\u0438\u0441\u0442\u0440\u0430\u043b\u044c\u043d\u044b\u0435 \u0443\u043b\u0438\u0446\u044b \u043e\u0431\u0449\u0435\u0433\u043e\u0440\u043e\u0434\u0441\u043a\u043e\u0433\u043e \u0437\u043d\u0430\u0447\u0435\u043d\u0438\u044f II \u043a\u043b\u0430\u0441\u0441\u0430 \u0446\u0435\u043d\u0442\u0440\u0430", "class_active_2016": "\u041c\u0430\u0433\u0438\u0441\u0442\u0440\u0430\u043b\u044c\u043d\u044b\u0435 \u0443\u043b\u0438\u0446\u044b \u0440\u0430\u0439\u043e\u043d\u043d\u043e\u0433\u043e \u0437\u043d\u0430\u0447\u0435\u043d\u0438\u044f", "offer_2016": "\u041c\u0430\u0433\u0438\u0441\u0442\u0440\u0430\u043b\u044c\u043d\u044b\u0435 \u0443\u043b\u0438\u0446\u044b \u0440\u0430\u0439\u043e\u043d\u043d\u043e\u0433\u043e \u0437\u043d\u0430\u0447\u0435\u043d\u0438\u044f"}}, {"type": "Feature", "geometry": {"type": "Polygon", "coordinates": [[[37.59851614537184, 55.757241060247054], [37.59851614537184, 55.75723749432452], [37.598532065749176, 55.75723036247946], [37.59853737254162, 55.75723392840199], [37.59852675895673, 55.757241060247054], [37.59851614537184, 55.757241060247054]]]}, "properties": {"id": 8, "bound": true, "edge_id": 6, "ID": "{36bf092d-e47c-4fde-85d5-c928a5eefe4a}", "na_obj": "\u041d\u0438\u043a\u0438\u0442\u0441\u043a\u0438\u0439 \u0431\u0443\u043b\u044c\u0432\u0430\u0440", "um_code": "027050", "no_omk": "-", "ao": "\u0426\u0410\u041e", "rajon": "\u041f\u0440\u0435\u0441\u043d\u0435\u043d\u0441\u043a\u0438\u0439", "status": "\u0421\u0443\u0449\u0435\u0441\u0442\u0432\u0443\u044e\u0449\u0438\u0435", "length": 291.3, "type_uds": "\u041d\u0430\u043f\u0440\u0430\u0432\u043b\u0435\u043d\u0438\u0435 1", "rlane": "\u0414\u0430", "one_way": "\u0434\u0430", "kl_gp": "\u041c\u0430\u0433\u0438\u0441\u0442\u0440\u0430\u043b\u044c\u043d\u044b\u0435 \u0443\u043b\u0438\u0446\u044b \u043e\u0431\u0449\u0435\u0433\u043e\u0440\u043e\u0434\u0441\u043a\u043e\u0433\u043e \u0437\u043d\u0430\u0447\u0435\u043d\u0438\u044f II \u043a\u043b\u0430\u0441\u0441\u0430 \u0446\u0435\u043d\u0442\u0440\u0430", "class_active_2016": "\u041c\u0430\u0433\u0438\u0441\u0442\u0440\u0430\u043b\u044c\u043d\u044b\u0435 \u0443\u043b\u0438\u0446\u044b \u043e\u0431\u0449\u0435\u0433\u043e\u0440\u043e\u0434\u0441\u043a\u043e\u0433\u043e \u0437\u043d\u0430\u0447\u0435\u043d\u0438\u044f 3-\u0433\u043e \u043a\u043b\u0430\u0441\u0441\u0430 - \u0440\u0435\u0433\u0443\u043b\u0438\u0440\u0443\u0435\u043c\u043e\u0433\u043e \u0434\u0432\u0438\u0436\u0435\u043d\u0438\u044f", "offer_2016": "\u041c\u0430\u0433\u0438\u0441\u0442\u0440\u0430\u043b\u044c\u043d\u044b\u0435 \u0443\u043b\u0438\u0446\u044b \u043e\u0431\u0449\u0435\u0433\u043e\u0440\u043e\u0434\u0441\u043a\u043e\u0433\u043e \u0437\u043d\u0430\u0447\u0435\u043d\u0438\u044f 3-\u0433\u043e \u043a\u043b\u0430\u0441\u0441\u0430 - \u0440\u0435\u0433\u0443\u043b\u0438\u0440\u0443\u0435\u043c\u043e\u0433\u043e \u0434\u0432\u0438\u0436\u0435\u043d\u0438\u044f"}}, {"type": "Feature", "geometry": {"type": "Polygon", "coordinates": [[[37.59854267933407, 55.7572642387435], [37.598532065749176, 55.75726067282097], [37.59854267933407, 55.757258889859706], [37.59855329291896, 55.75726245578224], [37.59857452008874, 55.75726067282097], [37.59856390650385, 55.7572642387435], [37.59854267933407, 55.7572642387435]]]}, "properties": {"id": 9, "bound": true, "edge_id": 6, "ID": "{36bf092d-e47c-4fde-85d5-c928a5eefe4a}", "na_obj": "\u041d\u0438\u043a\u0438\u0442\u0441\u043a\u0438\u0439 \u0431\u0443\u043b\u044c\u0432\u0430\u0440", "um_code": "027050", "no_omk": "-", "ao": "\u0426\u0410\u041e", "rajon": "\u041f\u0440\u0435\u0441\u043d\u0435\u043d\u0441\u043a\u0438\u0439", "status": "\u0421\u0443\u0449\u0435\u0441\u0442\u0432\u0443\u044e\u0449\u0438\u0435", "length": 291.3, "type_uds": "\u041d\u0430\u043f\u0440\u0430\u0432\u043b\u0435\u043d\u0438\u0435 1", "rlane": "\u0414\u0430", "one_way": "\u0434\u0430", "kl_gp": "\u041c\u0430\u0433\u0438\u0441\u0442\u0440\u0430\u043b\u044c\u043d\u044b\u0435 \u0443\u043b\u0438\u0446\u044b \u043e\u0431\u0449\u0435\u0433\u043e\u0440\u043e\u0434\u0441\u043a\u043e\u0433\u043e \u0437\u043d\u0430\u0447\u0435\u043d\u0438\u044f II \u043a\u043b\u0430\u0441\u0441\u0430 \u0446\u0435\u043d\u0442\u0440\u0430", "class_active_2016": "\u041c\u0430\u0433\u0438\u0441\u0442\u0440\u0430\u043b\u044c\u043d\u044b\u0435 \u0443\u043b\u0438\u0446\u044b \u043e\u0431\u0449\u0435\u0433\u043e\u0440\u043e\u0434\u0441\u043a\u043e\u0433\u043e \u0437\u043d\u0430\u0447\u0435\u043d\u0438\u044f 3-\u0433\u043e \u043a\u043b\u0430\u0441\u0441\u0430 - \u0440\u0435\u0433\u0443\u043b\u0438\u0440\u0443\u0435\u043c\u043e\u0433\u043e \u0434\u0432\u0438\u0436\u0435\u043d\u0438\u044f", "offer_2016": "\u041c\u0430\u0433\u0438\u0441\u0442\u0440\u0430\u043b\u044c\u043d\u044b\u0435 \u0443\u043b\u0438\u0446\u044b \u043e\u0431\u0449\u0435\u0433\u043e\u0440\u043e\u0434\u0441\u043a\u043e\u0433\u043e \u0437\u043d\u0430\u0447\u0435\u043d\u0438\u044f 3-\u0433\u043e \u043a\u043b\u0430\u0441\u0441\u0430 - \u0440\u0435\u0433\u0443\u043b\u0438\u0440\u0443\u0435\u043c\u043e\u0433\u043e \u0434\u0432\u0438\u0436\u0435\u043d\u0438\u044f"}}, {"type": "Feature", "geometry": {"type": "Polygon", "coordinates": [[[37.6003788295202, 55.75727137058856], [37.60036821593531, 55.757267804666036], [37.60038413631265, 55.75726245578224], [37.600389443105094, 55.757267804666036], [37.6003788295202, 55.75727137058856]]]}, "properties": {"id": 10, "bound": true, "edge_id": 0, "ID": "{857058a0-dc24-483e-a991-0ed03693b26f}", "na_obj": "\u041d\u0438\u043a\u0438\u0442\u0441\u043a\u0430\u044f \u0411\u043e\u043b\u044c\u0448\u0430\u044f \u0443\u043b\u0438\u0446\u0430", "um_code": "004730", "no_omk": "-", "ao": "\u0426\u0410\u041e", "rajon": "\u041f\u0440\u0435\u0441\u043d\u0435\u043d\u0441\u043a\u0438\u0439", "status": "\u0421\u0443\u0449\u0435\u0441\u0442\u0432\u0443\u044e\u0449\u0438\u0435", "length": 125.2, "type_uds": "\u041e\u0434\u043d\u0430 \u043f\u0440\u043e\u0435\u0437\u0436\u0430\u044f \u0447\u0430\u0441\u0442\u044c", "rlane": "\u0414\u0430", "one_way": "\u043d\u0435\u0442", "kl_gp": "\u041c\u0430\u0433\u0438\u0441\u0442\u0440\u0430\u043b\u044c\u043d\u044b\u0435 \u0443\u043b\u0438\u0446\u044b \u043e\u0431\u0449\u0435\u0433\u043e\u0440\u043e\u0434\u0441\u043a\u043e\u0433\u043e \u0437\u043d\u0430\u0447\u0435\u043d\u0438\u044f II \u043a\u043b\u0430\u0441\u0441\u0430 \u0446\u0435\u043d\u0442\u0440\u0430", "class_active_2016": "\u041c\u0430\u0433\u0438\u0441\u0442\u0440\u0430\u043b\u044c\u043d\u044b\u0435 \u0443\u043b\u0438\u0446\u044b \u0440\u0430\u0439\u043e\u043d\u043d\u043e\u0433\u043e \u0437\u043d\u0430\u0447\u0435\u043d\u0438\u044f", "offer_2016": "\u041c\u0430\u0433\u0438\u0441\u0442\u0440\u0430\u043b\u044c\u043d\u044b\u0435 \u0443\u043b\u0438\u0446\u044b \u0440\u0430\u0439\u043e\u043d\u043d\u043e\u0433\u043e \u0437\u043d\u0430\u0447\u0435\u043d\u0438\u044f"}}, {"type": "Feature", "geometry": {"type": "Polygon", "coordinates": [[[37.60028861404863, 55.75727315354983], [37.600283307256184, 55.757267804666036], [37.600293920841075, 55.7572642387435], [37.600304534425966, 55.757267804666036], [37.60028861404863, 55.75727315354983]]]}, "properties": {"id": 11, "bound": true, "edge_id": 0, "ID": "{857058a0-dc24-483e-a991-0ed03693b26f}", "na_obj": "\u041d\u0438\u043a\u0438\u0442\u0441\u043a\u0430\u044f \u0411\u043e\u043b\u044c\u0448\u0430\u044f \u0443\u043b\u0438\u0446\u0430", "um_code": "004730", "no_omk": "-", "ao": "\u0426\u0410\u041e", "rajon": "\u041f\u0440\u0435\u0441\u043d\u0435\u043d\u0441\u043a\u0438\u0439", "status": "\u0421\u0443\u0449\u0435\u0441\u0442\u0432\u0443\u044e\u0449\u0438\u0435", "length": 125.2, "type_uds": "\u041e\u0434\u043d\u0430 \u043f\u0440\u043e\u0435\u0437\u0436\u0430\u044f \u0447\u0430\u0441\u0442\u044c", "rlane": "\u0414\u0430", "one_way": "\u043d\u0435\u0442", "kl_gp": "\u041c\u0430\u0433\u0438\u0441\u0442\u0440\u0430\u043b\u044c\u043d\u044b\u0435 \u0443\u043b\u0438\u0446\u044b \u043e\u0431\u0449\u0435\u0433\u043e\u0440\u043e\u0434\u0441\u043a\u043e\u0433\u043e \u0437\u043d\u0430\u0447\u0435\u043d\u0438\u044f II \u043a\u043b\u0430\u0441\u0441\u0430 \u0446\u0435\u043d\u0442\u0440\u0430", "class_active_2016": "\u041c\u0430\u0433\u0438\u0441\u0442\u0440\u0430\u043b\u044c\u043d\u044b\u0435 \u0443\u043b\u0438\u0446\u044b \u0440\u0430\u0439\u043e\u043d\u043d\u043e\u0433\u043e \u0437\u043d\u0430\u0447\u0435\u043d\u0438\u044f", "offer_2016": "\u041c\u0430\u0433\u0438\u0441\u0442\u0440\u0430\u043b\u044c\u043d\u044b\u0435 \u0443\u043b\u0438\u0446\u044b \u0440\u0430\u0439\u043e\u043d\u043d\u043e\u0433\u043e \u0437\u043d\u0430\u0447\u0435\u043d\u0438\u044f"}}, {"type": "Feature", "geometry": {"type": "Polygon", "coordinates": [[[37.59909989254084, 55.757282068356155], [37.59909989254084, 55.757274936511095], [37.59911050612573, 55.75727315354983], [37.59912642650307, 55.75727850243363], [37.59909989254084, 55.757282068356155]]]}, "properties": {"id": 12, "bound": true, "edge_id": 7, "ID": "{77dc09a4-d7ce-48c3-b67d-f7f1256d802f}", "na_obj": "\u041d\u0438\u043a\u0438\u0442\u0441\u043a\u0430\u044f \u0411\u043e\u043b\u044c\u0448\u0430\u044f \u0443\u043b\u0438\u0446\u0430", "um_code": "004730", "no_omk": "-", "ao": "\u0426\u0410\u041e", "rajon": "\u041f\u0440\u0435\u0441\u043d\u0435\u043d\u0441\u043a\u0438\u0439", "status": "\u0421\u0443\u0449\u0435\u0441\u0442\u0432\u0443\u044e\u0449\u0438\u0435", "length": 68.2, "type_uds": "\u041e\u0434\u043d\u0430 \u043f\u0440\u043e\u0435\u0437\u0436\u0430\u044f \u0447\u0430\u0441\u0442\u044c", "rlane": "\u0414\u0430", "one_way": "\u043d\u0435\u0442", "kl_gp": "\u041c\u0430\u0433\u0438\u0441\u0442\u0440\u0430\u043b\u044c\u043d\u044b\u0435 \u0443\u043b\u0438\u0446\u044b \u043e\u0431\u0449\u0435\u0433\u043e\u0440\u043e\u0434\u0441\u043a\u043e\u0433\u043e \u0437\u043d\u0430\u0447\u0435\u043d\u0438\u044f II \u043a\u043b\u0430\u0441\u0441\u0430 \u0446\u0435\u043d\u0442\u0440\u0430", "class_active_2016": "\u041c\u0430\u0433\u0438\u0441\u0442\u0440\u0430\u043b\u044c\u043d\u044b\u0435 \u0443\u043b\u0438\u0446\u044b \u0440\u0430\u0439\u043e\u043d\u043d\u043e\u0433\u043e \u0437\u043d\u0430\u0447\u0435\u043d\u0438\u044f", "offer_2016": "\u041c\u0430\u0433\u0438\u0441\u0442\u0440\u0430\u043b\u044c\u043d\u044b\u0435 \u0443\u043b\u0438\u0446\u044b \u0440\u0430\u0439\u043e\u043d\u043d\u043e\u0433\u043e \u0437\u043d\u0430\u0447\u0435\u043d\u0438\u044f"}}, {"type": "Feature", "geometry": {"type": "Polygon", "coordinates": [[[37.597852796316154, 55.757274936511095], [37.597874023485936, 55.757282068356155], [37.597852796316154, 55.757290983162484], [37.597852796316154, 55.757274936511095]]]}, "properties": {"id": 13, "bound": true, "edge_id": 4, "ID": "{5abd58c6-c551-4c1c-be3b-868cb80cca32}", "na_obj": "\u041d\u0438\u043a\u0438\u0442\u0441\u043a\u0438\u0439 \u0431\u0443\u043b\u044c\u0432\u0430\u0440", "um_code": "027050", "no_omk": "-", "ao": "\u0426\u0410\u041e", "rajon": "\u041f\u0440\u0435\u0441\u043d\u0435\u043d\u0441\u043a\u0438\u0439", "status": "\u0421\u0443\u0449\u0435\u0441\u0442\u0432\u0443\u044e\u0449\u0438\u0435", "length": 239.3, "type_uds": "\u041d\u0430\u043f\u0440\u0430\u0432\u043b\u0435\u043d\u0438\u0435 2", "rlane": "\u0414\u0430", "one_way": "\u0434\u0430", "kl_gp": "\u041c\u0430\u0433\u0438\u0441\u0442\u0440\u0430\u043b\u044c\u043d\u044b\u0435 \u0443\u043b\u0438\u0446\u044b \u043e\u0431\u0449\u0435\u0433\u043e\u0440\u043e\u0434\u0441\u043a\u043e\u0433\u043e \u0437\u043d\u0430\u0447\u0435\u043d\u0438\u044f II \u043a\u043b\u0430\u0441\u0441\u0430 \u0446\u0435\u043d\u0442\u0440\u0430", "class_active_2016": "\u041c\u0430\u0433\u0438\u0441\u0442\u0440\u0430\u043b\u044c\u043d\u044b\u0435 \u0443\u043b\u0438\u0446\u044b \u043e\u0431\u0449\u0435\u0433\u043e\u0440\u043e\u0434\u0441\u043a\u043e\u0433\u043e \u0437\u043d\u0430\u0447\u0435\u043d\u0438\u044f 3-\u0433\u043e \u043a\u043b\u0430\u0441\u0441\u0430 - \u0440\u0435\u0433\u0443\u043b\u0438\u0440\u0443\u0435\u043c\u043e\u0433\u043e \u0434\u0432\u0438\u0436\u0435\u043d\u0438\u044f", "offer_2016": "\u041c\u0430\u0433\u0438\u0441\u0442\u0440\u0430\u043b\u044c\u043d\u044b\u0435 \u0443\u043b\u0438\u0446\u044b \u043e\u0431\u0449\u0435\u0433\u043e\u0440\u043e\u0434\u0441\u043a\u043e\u0433\u043e \u0437\u043d\u0430\u0447\u0435\u043d\u0438\u044f 3-\u0433\u043e \u043a\u043b\u0430\u0441\u0441\u0430 - \u0440\u0435\u0433\u0443\u043b\u0438\u0440\u0443\u0435\u043c\u043e\u0433\u043e \u0434\u0432\u0438\u0436\u0435\u043d\u0438\u044f"}}, {"type": "Feature", "geometry": {"type": "Polygon", "coordinates": [[[37.59786871669349, 55.7572642387435], [37.59786871669349, 55.757267804666036], [37.597852796316154, 55.757274936511095], [37.597852796316154, 55.757258889859706], [37.59786871669349, 55.7572642387435]]]}, "properties": {"id": 14, "bound": true, "edge_id": 4, "ID": "{5abd58c6-c551-4c1c-be3b-868cb80cca32}", "na_obj": "\u041d\u0438\u043a\u0438\u0442\u0441\u043a\u0438\u0439 \u0431\u0443\u043b\u044c\u0432\u0430\u0440", "um_code": "027050", "no_omk": "-", "ao": "\u0426\u0410\u041e", "rajon": "\u041f\u0440\u0435\u0441\u043d\u0435\u043d\u0441\u043a\u0438\u0439", "status": "\u0421\u0443\u0449\u0435\u0441\u0442\u0432\u0443\u044e\u0449\u0438\u0435", "length": 239.3, "type_uds": "\u041d\u0430\u043f\u0440\u0430\u0432\u043b\u0435\u043d\u0438\u0435 2", "rlane": "\u0414\u0430", "one_way": "\u0434\u0430", "kl_gp": "\u041c\u0430\u0433\u0438\u0441\u0442\u0440\u0430\u043b\u044c\u043d\u044b\u0435 \u0443\u043b\u0438\u0446\u044b \u043e\u0431\u0449\u0435\u0433\u043e\u0440\u043e\u0434\u0441\u043a\u043e\u0433\u043e \u0437\u043d\u0430\u0447\u0435\u043d\u0438\u044f II \u043a\u043b\u0430\u0441\u0441\u0430 \u0446\u0435\u043d\u0442\u0440\u0430", "class_active_2016": "\u041c\u0430\u0433\u0438\u0441\u0442\u0440\u0430\u043b\u044c\u043d\u044b\u0435 \u0443\u043b\u0438\u0446\u044b \u043e\u0431\u0449\u0435\u0433\u043e\u0440\u043e\u0434\u0441\u043a\u043e\u0433\u043e \u0437\u043d\u0430\u0447\u0435\u043d\u0438\u044f 3-\u0433\u043e \u043a\u043b\u0430\u0441\u0441\u0430 - \u0440\u0435\u0433\u0443\u043b\u0438\u0440\u0443\u0435\u043c\u043e\u0433\u043e \u0434\u0432\u0438\u0436\u0435\u043d\u0438\u044f", "offer_2016": "\u041c\u0430\u0433\u0438\u0441\u0442\u0440\u0430\u043b\u044c\u043d\u044b\u0435 \u0443\u043b\u0438\u0446\u044b \u043e\u0431\u0449\u0435\u0433\u043e\u0440\u043e\u0434\u0441\u043a\u043e\u0433\u043e \u0437\u043d\u0430\u0447\u0435\u043d\u0438\u044f 3-\u0433\u043e \u043a\u043b\u0430\u0441\u0441\u0430 - \u0440\u0435\u0433\u0443\u043b\u0438\u0440\u0443\u0435\u043c\u043e\u0433\u043e \u0434\u0432\u0438\u0436\u0435\u043d\u0438\u044f"}}, {"type": "Feature", "geometry": {"type": "Polygon", "coordinates": [[[37.60033106838819, 55.75729454908502], [37.600341681973084, 55.757290983162484], [37.60034698876553, 55.75728563427869], [37.60035760235042, 55.75728920020122], [37.60033637518064, 55.75729633204628], [37.60033106838819, 55.75729454908502]]]}, "properties": {"id": 15, "bound": true, "edge_id": 0, "ID": "{857058a0-dc24-483e-a991-0ed03693b26f}", "na_obj": "\u041d\u0438\u043a\u0438\u0442\u0441\u043a\u0430\u044f \u0411\u043e\u043b\u044c\u0448\u0430\u044f \u0443\u043b\u0438\u0446\u0430", "um_code": "004730", "no_omk": "-", "ao": "\u0426\u0410\u041e", "rajon": "\u041f\u0440\u0435\u0441\u043d\u0435\u043d\u0441\u043a\u0438\u0439", "status": "\u0421\u0443\u0449\u0435\u0441\u0442\u0432\u0443\u044e\u0449\u0438\u0435", "length": 125.2, "type_uds": "\u041e\u0434\u043d\u0430 \u043f\u0440\u043e\u0435\u0437\u0436\u0430\u044f \u0447\u0430\u0441\u0442\u044c", "rlane": "\u0414\u0430", "one_way": "\u043d\u0435\u0442", "kl_gp": "\u041c\u0430\u0433\u0438\u0441\u0442\u0440\u0430\u043b\u044c\u043d\u044b\u0435 \u0443\u043b\u0438\u0446\u044b \u043e\u0431\u0449\u0435\u0433\u043e\u0440\u043e\u0434\u0441\u043a\u043e\u0433\u043e \u0437\u043d\u0430\u0447\u0435\u043d\u0438\u044f II \u043a\u043b\u0430\u0441\u0441\u0430 \u0446\u0435\u043d\u0442\u0440\u0430", "class_active_2016": "\u041c\u0430\u0433\u0438\u0441\u0442\u0440\u0430\u043b\u044c\u043d\u044b\u0435 \u0443\u043b\u0438\u0446\u044b \u0440\u0430\u0439\u043e\u043d\u043d\u043e\u0433\u043e \u0437\u043d\u0430\u0447\u0435\u043d\u0438\u044f", "offer_2016": "\u041c\u0430\u0433\u0438\u0441\u0442\u0440\u0430\u043b\u044c\u043d\u044b\u0435 \u0443\u043b\u0438\u0446\u044b \u0440\u0430\u0439\u043e\u043d\u043d\u043e\u0433\u043e \u0437\u043d\u0430\u0447\u0435\u043d\u0438\u044f"}}, {"type": "Feature", "geometry": {"type": "Polygon", "coordinates": [[[37.60023023933173, 55.75731416165893], [37.60020901216195, 55.75730702981387], [37.60021431895439, 55.75730524685261], [37.60024085291662, 55.757310595736406], [37.60023023933173, 55.75731416165893]]]}, "properties": {"id": 16, "bound": true, "edge_id": 0, "ID": "{857058a0-dc24-483e-a991-0ed03693b26f}", "na_obj": "\u041d\u0438\u043a\u0438\u0442\u0441\u043a\u0430\u044f \u0411\u043e\u043b\u044c\u0448\u0430\u044f \u0443\u043b\u0438\u0446\u0430", "um_code": "004730", "no_omk": "-", "ao": "\u0426\u0410\u041e", "rajon": "\u041f\u0440\u0435\u0441\u043d\u0435\u043d\u0441\u043a\u0438\u0439", "status": "\u0421\u0443\u0449\u0435\u0441\u0442\u0432\u0443\u044e\u0449\u0438\u0435", "length": 125.2, "type_uds": "\u041e\u0434\u043d\u0430 \u043f\u0440\u043e\u0435\u0437\u0436\u0430\u044f \u0447\u0430\u0441\u0442\u044c", "rlane": "\u0414\u0430", "one_way": "\u043d\u0435\u0442", "kl_gp": "\u041c\u0430\u0433\u0438\u0441\u0442\u0440\u0430\u043b\u044c\u043d\u044b\u0435 \u0443\u043b\u0438\u0446\u044b \u043e\u0431\u0449\u0435\u0433\u043e\u0440\u043e\u0434\u0441\u043a\u043e\u0433\u043e \u0437\u043d\u0430\u0447\u0435\u043d\u0438\u044f II \u043a\u043b\u0430\u0441\u0441\u0430 \u0446\u0435\u043d\u0442\u0440\u0430", "class_active_2016": "\u041c\u0430\u0433\u0438\u0441\u0442\u0440\u0430\u043b\u044c\u043d\u044b\u0435 \u0443\u043b\u0438\u0446\u044b \u0440\u0430\u0439\u043e\u043d\u043d\u043e\u0433\u043e \u0437\u043d\u0430\u0447\u0435\u043d\u0438\u044f", "offer_2016": "\u041c\u0430\u0433\u0438\u0441\u0442\u0440\u0430\u043b\u044c\u043d\u044b\u0435 \u0443\u043b\u0438\u0446\u044b \u0440\u0430\u0439\u043e\u043d\u043d\u043e\u0433\u043e \u0437\u043d\u0430\u0447\u0435\u043d\u0438\u044f"}}, {"type": "Feature", "geometry": {"type": "Polygon", "coordinates": [[[37.598404702730484, 55.757317727581466], [37.59838878235315, 55.75731237869767], [37.59839939593804, 55.75730168093008], [37.598415316315375, 55.75730346389134], [37.59839939593804, 55.757308812775136], [37.598404702730484, 55.75731416165893], [37.59843123669271, 55.75731951054273], [37.598404702730484, 55.757317727581466]]]}, "properties": {"id": 17, "bound": true, "edge_id": 5, "ID": "{f92bdfbf-2034-45f4-9ccf-d4b1af059d0f}", "na_obj": "\u041d\u0438\u043a\u0438\u0442\u0441\u043a\u0430\u044f \u0411\u043e\u043b\u044c\u0448\u0430\u044f \u0443\u043b\u0438\u0446\u0430", "um_code": "004730", "no_omk": "-", "ao": "\u0426\u0410\u041e", "rajon": "\u041f\u0440\u0435\u0441\u043d\u0435\u043d\u0441\u043a\u0438\u0439", "status": "\u0421\u0443\u0449\u0435\u0441\u0442\u0432\u0443\u044e\u0449\u0438\u0435", "length": 48.0, "type_uds": "\u041e\u0434\u043d\u0430 \u043f\u0440\u043e\u0435\u0437\u0436\u0430\u044f \u0447\u0430\u0441\u0442\u044c", "rlane": "\u0414\u0430", "one_way": "\u043d\u0435\u0442", "kl_gp": "\u041c\u0430\u0433\u0438\u0441\u0442\u0440\u0430\u043b\u044c\u043d\u044b\u0435 \u0443\u043b\u0438\u0446\u044b \u043e\u0431\u0449\u0435\u0433\u043e\u0440\u043e\u0434\u0441\u043a\u043e\u0433\u043e \u0437\u043d\u0430\u0447\u0435\u043d\u0438\u044f II \u043a\u043b\u0430\u0441\u0441\u0430 \u0446\u0435\u043d\u0442\u0440\u0430", "class_active_2016": "\u041c\u0430\u0433\u0438\u0441\u0442\u0440\u0430\u043b\u044c\u043d\u044b\u0435 \u0443\u043b\u0438\u0446\u044b \u0440\u0430\u0439\u043e\u043d\u043d\u043e\u0433\u043e \u0437\u043d\u0430\u0447\u0435\u043d\u0438\u044f", "offer_2016": "\u041c\u0430\u0433\u0438\u0441\u0442\u0440\u0430\u043b\u044c\u043d\u044b\u0435 \u0443\u043b\u0438\u0446\u044b \u0440\u0430\u0439\u043e\u043d\u043d\u043e\u0433\u043e \u0437\u043d\u0430\u0447\u0435\u043d\u0438\u044f"}}, {"type": "Feature", "geometry": {"type": "Polygon", "coordinates": [[[37.600362909142866, 55.75733020831032], [37.60036821593531, 55.757324859426525], [37.6003788295202, 55.757321293504], [37.600389443105094, 55.757324859426525], [37.60037352272776, 55.75733020831032], [37.600362909142866, 55.75733020831032]]]}, "properties": {"id": 18, "bound": true, "edge_id": 0, "ID": "{857058a0-dc24-483e-a991-0ed03693b26f}", "na_obj": "\u041d\u0438\u043a\u0438\u0442\u0441\u043a\u0430\u044f \u0411\u043e\u043b\u044c\u0448\u0430\u044f \u0443\u043b\u0438\u0446\u0430", "um_code": "004730", "no_omk": "-", "ao": "\u0426\u0410\u041e", "rajon": "\u041f\u0440\u0435\u0441\u043d\u0435\u043d\u0441\u043a\u0438\u0439", "status": "\u0421\u0443\u0449\u0435\u0441\u0442\u0432\u0443\u044e\u0449\u0438\u0435", "length": 125.2, "type_uds": "\u041e\u0434\u043d\u0430 \u043f\u0440\u043e\u0435\u0437\u0436\u0430\u044f \u0447\u0430\u0441\u0442\u044c", "rlane": "\u0414\u0430", "one_way": "\u043d\u0435\u0442", "kl_gp": "\u041c\u0430\u0433\u0438\u0441\u0442\u0440\u0430\u043b\u044c\u043d\u044b\u0435 \u0443\u043b\u0438\u0446\u044b \u043e\u0431\u0449\u0435\u0433\u043e\u0440\u043e\u0434\u0441\u043a\u043e\u0433\u043e \u0437\u043d\u0430\u0447\u0435\u043d\u0438\u044f II \u043a\u043b\u0430\u0441\u0441\u0430 \u0446\u0435\u043d\u0442\u0440\u0430", "class_active_2016": "\u041c\u0430\u0433\u0438\u0441\u0442\u0440\u0430\u043b\u044c\u043d\u044b\u0435 \u0443\u043b\u0438\u0446\u044b \u0440\u0430\u0439\u043e\u043d\u043d\u043e\u0433\u043e \u0437\u043d\u0430\u0447\u0435\u043d\u0438\u044f", "offer_2016": "\u041c\u0430\u0433\u0438\u0441\u0442\u0440\u0430\u043b\u044c\u043d\u044b\u0435 \u0443\u043b\u0438\u0446\u044b \u0440\u0430\u0439\u043e\u043d\u043d\u043e\u0433\u043e \u0437\u043d\u0430\u0447\u0435\u043d\u0438\u044f"}}, {"type": "Feature", "geometry": {"type": "Polygon", "coordinates": [[[37.60027800046374, 55.75733020831032], [37.600283307256184, 55.757324859426525], [37.600293920841075, 55.757321293504], [37.600304534425966, 55.757324859426525], [37.60028861404863, 55.75733020831032], [37.600304534425966, 55.757335557194125], [37.60027800046374, 55.75733020831032]]]}, "properties": {"id": 19, "bound": true, "edge_id": 0, "ID": "{857058a0-dc24-483e-a991-0ed03693b26f}", "na_obj": "\u041d\u0438\u043a\u0438\u0442\u0441\u043a\u0430\u044f \u0411\u043e\u043b\u044c\u0448\u0430\u044f \u0443\u043b\u0438\u0446\u0430", "um_code": "004730", "no_omk": "-", "ao": "\u0426\u0410\u041e", "rajon": "\u041f\u0440\u0435\u0441\u043d\u0435\u043d\u0441\u043a\u0438\u0439", "status": "\u0421\u0443\u0449\u0435\u0441\u0442\u0432\u0443\u044e\u0449\u0438\u0435", "length": 125.2, "type_uds": "\u041e\u0434\u043d\u0430 \u043f\u0440\u043e\u0435\u0437\u0436\u0430\u044f \u0447\u0430\u0441\u0442\u044c", "rlane": "\u0414\u0430", "one_way": "\u043d\u0435\u0442", "kl_gp": "\u041c\u0430\u0433\u0438\u0441\u0442\u0440\u0430\u043b\u044c\u043d\u044b\u0435 \u0443\u043b\u0438\u0446\u044b \u043e\u0431\u0449\u0435\u0433\u043e\u0440\u043e\u0434\u0441\u043a\u043e\u0433\u043e \u0437\u043d\u0430\u0447\u0435\u043d\u0438\u044f II \u043a\u043b\u0430\u0441\u0441\u0430 \u0446\u0435\u043d\u0442\u0440\u0430", "class_active_2016": "\u041c\u0430\u0433\u0438\u0441\u0442\u0440\u0430\u043b\u044c\u043d\u044b\u0435 \u0443\u043b\u0438\u0446\u044b \u0440\u0430\u0439\u043e\u043d\u043d\u043e\u0433\u043e \u0437\u043d\u0430\u0447\u0435\u043d\u0438\u044f", "offer_2016": "\u041c\u0430\u0433\u0438\u0441\u0442\u0440\u0430\u043b\u044c\u043d\u044b\u0435 \u0443\u043b\u0438\u0446\u044b \u0440\u0430\u0439\u043e\u043d\u043d\u043e\u0433\u043e \u0437\u043d\u0430\u0447\u0435\u043d\u0438\u044f"}}, {"type": "Feature", "geometry": {"type": "Polygon", "coordinates": [[[37.600362909142866, 55.75735516976804], [37.60036821593531, 55.757349820884244], [37.600389443105094, 55.75735338680678], [37.6003788295202, 55.75735695272931], [37.600362909142866, 55.75735516976804]]]}, "properties": {"id": 20, "bound": true, "edge_id": 0, "ID": "{857058a0-dc24-483e-a991-0ed03693b26f}", "na_obj": "\u041d\u0438\u043a\u0438\u0442\u0441\u043a\u0430\u044f \u0411\u043e\u043b\u044c\u0448\u0430\u044f \u0443\u043b\u0438\u0446\u0430", "um_code": "004730", "no_omk": "-", "ao": "\u0426\u0410\u041e", "rajon": "\u041f\u0440\u0435\u0441\u043d\u0435\u043d\u0441\u043a\u0438\u0439", "status": "\u0421\u0443\u0449\u0435\u0441\u0442\u0432\u0443\u044e\u0449\u0438\u0435", "length": 125.2, "type_uds": "\u041e\u0434\u043d\u0430 \u043f\u0440\u043e\u0435\u0437\u0436\u0430\u044f \u0447\u0430\u0441\u0442\u044c", "rlane": "\u0414\u0430", "one_way": "\u043d\u0435\u0442", "kl_gp": "\u041c\u0430\u0433\u0438\u0441\u0442\u0440\u0430\u043b\u044c\u043d\u044b\u0435 \u0443\u043b\u0438\u0446\u044b \u043e\u0431\u0449\u0435\u0433\u043e\u0440\u043e\u0434\u0441\u043a\u043e\u0433\u043e \u0437\u043d\u0430\u0447\u0435\u043d\u0438\u044f II \u043a\u043b\u0430\u0441\u0441\u0430 \u0446\u0435\u043d\u0442\u0440\u0430", "class_active_2016": "\u041c\u0430\u0433\u0438\u0441\u0442\u0440\u0430\u043b\u044c\u043d\u044b\u0435 \u0443\u043b\u0438\u0446\u044b \u0440\u0430\u0439\u043e\u043d\u043d\u043e\u0433\u043e \u0437\u043d\u0430\u0447\u0435\u043d\u0438\u044f", "offer_2016": "\u041c\u0430\u0433\u0438\u0441\u0442\u0440\u0430\u043b\u044c\u043d\u044b\u0435 \u0443\u043b\u0438\u0446\u044b \u0440\u0430\u0439\u043e\u043d\u043d\u043e\u0433\u043e \u0437\u043d\u0430\u0447\u0435\u043d\u0438\u044f"}}, {"type": "Feature", "geometry": {"type": "Polygon", "coordinates": [[[37.60029922763352, 55.757394394915885], [37.60027800046374, 55.75738726307082], [37.600293920841075, 55.757378348264496], [37.600304534425966, 55.75738191418702], [37.60028861404863, 55.75738726307082], [37.60029922763352, 55.75739082899335], [37.60031514801086, 55.75738904603209], [37.60029922763352, 55.757394394915885]]]}, "properties": {"id": 21, "bound": true, "edge_id": 0, "ID": "{857058a0-dc24-483e-a991-0ed03693b26f}", "na_obj": "\u041d\u0438\u043a\u0438\u0442\u0441\u043a\u0430\u044f \u0411\u043e\u043b\u044c\u0448\u0430\u044f \u0443\u043b\u0438\u0446\u0430", "um_code": "004730", "no_omk": "-", "ao": "\u0426\u0410\u041e", "rajon": "\u041f\u0440\u0435\u0441\u043d\u0435\u043d\u0441\u043a\u0438\u0439", "status": "\u0421\u0443\u0449\u0435\u0441\u0442\u0432\u0443\u044e\u0449\u0438\u0435", "length": 125.2, "type_uds": "\u041e\u0434\u043d\u0430 \u043f\u0440\u043e\u0435\u0437\u0436\u0430\u044f \u0447\u0430\u0441\u0442\u044c", "rlane": "\u0414\u0430", "one_way": "\u043d\u0435\u0442", "kl_gp": "\u041c\u0430\u0433\u0438\u0441\u0442\u0440\u0430\u043b\u044c\u043d\u044b\u0435 \u0443\u043b\u0438\u0446\u044b \u043e\u0431\u0449\u0435\u0433\u043e\u0440\u043e\u0434\u0441\u043a\u043e\u0433\u043e \u0437\u043d\u0430\u0447\u0435\u043d\u0438\u044f II \u043a\u043b\u0430\u0441\u0441\u0430 \u0446\u0435\u043d\u0442\u0440\u0430", "class_active_2016": "\u041c\u0430\u0433\u0438\u0441\u0442\u0440\u0430\u043b\u044c\u043d\u044b\u0435 \u0443\u043b\u0438\u0446\u044b \u0440\u0430\u0439\u043e\u043d\u043d\u043e\u0433\u043e \u0437\u043d\u0430\u0447\u0435\u043d\u0438\u044f", "offer_2016": "\u041c\u0430\u0433\u0438\u0441\u0442\u0440\u0430\u043b\u044c\u043d\u044b\u0435 \u0443\u043b\u0438\u0446\u044b \u0440\u0430\u0439\u043e\u043d\u043d\u043e\u0433\u043e \u0437\u043d\u0430\u0447\u0435\u043d\u0438\u044f"}}, {"type": "Feature", "geometry": {"type": "Polygon", "coordinates": [[[37.59995959291701, 55.757394394915885], [37.59994367253967, 55.75738904603209], [37.599954286124564, 55.75738191418702], [37.5999702065019, 55.75738726307082], [37.59995959291701, 55.757394394915885]]]}, "properties": {"id": 22, "bound": true, "edge_id": 2, "ID": "{14e337fa-1a5e-475a-b3b9-be803f4d1825}", "na_obj": "\u041d\u0438\u043a\u0438\u0442\u0441\u043a\u0430\u044f \u0411\u043e\u043b\u044c\u0448\u0430\u044f \u0443\u043b\u0438\u0446\u0430", "um_code": "004730", "no_omk": "-", "ao": "\u0426\u0410\u041e", "rajon": "\u041f\u0440\u0435\u0441\u043d\u0435\u043d\u0441\u043a\u0438\u0439", "status": "\u0421\u0443\u0449\u0435\u0441\u0442\u0432\u0443\u044e\u0449\u0438\u0435", "length": 16.9, "type_uds": "\u041e\u0434\u043d\u0430 \u043f\u0440\u043e\u0435\u0437\u0436\u0430\u044f \u0447\u0430\u0441\u0442\u044c", "rlane": "\u0414\u0430", "one_way": "\u043d\u0435\u0442", "kl_gp": "\u041c\u0430\u0433\u0438\u0441\u0442\u0440\u0430\u043b\u044c\u043d\u044b\u0435 \u0443\u043b\u0438\u0446\u044b \u043e\u0431\u0449\u0435\u0433\u043e\u0440\u043e\u0434\u0441\u043a\u043e\u0433\u043e \u0437\u043d\u0430\u0447\u0435\u043d\u0438\u044f II \u043a\u043b\u0430\u0441\u0441\u0430 \u0446\u0435\u043d\u0442\u0440\u0430", "class_active_2016": "\u041c\u0430\u0433\u0438\u0441\u0442\u0440\u0430\u043b\u044c\u043d\u044b\u0435 \u0443\u043b\u0438\u0446\u044b \u0440\u0430\u0439\u043e\u043d\u043d\u043e\u0433\u043e \u0437\u043d\u0430\u0447\u0435\u043d\u0438\u044f", "offer_2016": "\u041c\u0430\u0433\u0438\u0441\u0442\u0440\u0430\u043b\u044c\u043d\u044b\u0435 \u0443\u043b\u0438\u0446\u044b \u0440\u0430\u0439\u043e\u043d\u043d\u043e\u0433\u043e \u0437\u043d\u0430\u0447\u0435\u043d\u0438\u044f"}}, {"type": "Feature", "geometry": {"type": "Polygon", "coordinates": [[[37.59992775216234, 55.75740509268348], [37.59993836574723, 55.75739796083841], [37.599954286124564, 55.75740330972221], [37.59994367253967, 55.75740687564474], [37.59992775216234, 55.75740509268348]]]}, "properties": {"id": 23, "bound": true, "edge_id": 2, "ID": "{14e337fa-1a5e-475a-b3b9-be803f4d1825}", "na_obj": "\u041d\u0438\u043a\u0438\u0442\u0441\u043a\u0430\u044f \u0411\u043e\u043b\u044c\u0448\u0430\u044f \u0443\u043b\u0438\u0446\u0430", "um_code": "004730", "no_omk": "-", "ao": "\u0426\u0410\u041e", "rajon": "\u041f\u0440\u0435\u0441\u043d\u0435\u043d\u0441\u043a\u0438\u0439", "status": "\u0421\u0443\u0449\u0435\u0441\u0442\u0432\u0443\u044e\u0449\u0438\u0435", "length": 16.9, "type_uds": "\u041e\u0434\u043d\u0430 \u043f\u0440\u043e\u0435\u0437\u0436\u0430\u044f \u0447\u0430\u0441\u0442\u044c", "rlane": "\u0414\u0430", "one_way": "\u043d\u0435\u0442", "kl_gp": "\u041c\u0430\u0433\u0438\u0441\u0442\u0440\u0430\u043b\u044c\u043d\u044b\u0435 \u0443\u043b\u0438\u0446\u044b \u043e\u0431\u0449\u0435\u0433\u043e\u0440\u043e\u0434\u0441\u043a\u043e\u0433\u043e \u0437\u043d\u0430\u0447\u0435\u043d\u0438\u044f II \u043a\u043b\u0430\u0441\u0441\u0430 \u0446\u0435\u043d\u0442\u0440\u0430", "class_active_2016": "\u041c\u0430\u0433\u0438\u0441\u0442\u0440\u0430\u043b\u044c\u043d\u044b\u0435 \u0443\u043b\u0438\u0446\u044b \u0440\u0430\u0439\u043e\u043d\u043d\u043e\u0433\u043e \u0437\u043d\u0430\u0447\u0435\u043d\u0438\u044f", "offer_2016": "\u041c\u0430\u0433\u0438\u0441\u0442\u0440\u0430\u043b\u044c\u043d\u044b\u0435 \u0443\u043b\u0438\u0446\u044b \u0440\u0430\u0439\u043e\u043d\u043d\u043e\u0433\u043e \u0437\u043d\u0430\u0447\u0435\u043d\u0438\u044f"}}, {"type": "Feature", "geometry": {"type": "Polygon", "coordinates": [[[37.59992244536989, 55.75742470525739], [37.599911831785, 55.757421139334866], [37.599917138577446, 55.75741579045107], [37.59993305895478, 55.757421139334866], [37.59992244536989, 55.75742470525739]]]}, "properties": {"id": 24, "bound": true, "edge_id": 2, "ID": "{14e337fa-1a5e-475a-b3b9-be803f4d1825}", "na_obj": "\u041d\u0438\u043a\u0438\u0442\u0441\u043a\u0430\u044f \u0411\u043e\u043b\u044c\u0448\u0430\u044f \u0443\u043b\u0438\u0446\u0430", "um_code": "004730", "no_omk": "-", "ao": "\u0426\u0410\u041e", "rajon": "\u041f\u0440\u0435\u0441\u043d\u0435\u043d\u0441\u043a\u0438\u0439", "status": "\u0421\u0443\u0449\u0435\u0441\u0442\u0432\u0443\u044e\u0449\u0438\u0435", "length": 16.9, "type_uds": "\u041e\u0434\u043d\u0430 \u043f\u0440\u043e\u0435\u0437\u0436\u0430\u044f \u0447\u0430\u0441\u0442\u044c", "rlane": "\u0414\u0430", "one_way": "\u043d\u0435\u0442", "kl_gp": "\u041c\u0430\u0433\u0438\u0441\u0442\u0440\u0430\u043b\u044c\u043d\u044b\u0435 \u0443\u043b\u0438\u0446\u044b \u043e\u0431\u0449\u0435\u0433\u043e\u0440\u043e\u0434\u0441\u043a\u043e\u0433\u043e \u0437\u043d\u0430\u0447\u0435\u043d\u0438\u044f II \u043a\u043b\u0430\u0441\u0441\u0430 \u0446\u0435\u043d\u0442\u0440\u0430", "class_active_2016": "\u041c\u0430\u0433\u0438\u0441\u0442\u0440\u0430\u043b\u044c\u043d\u044b\u0435 \u0443\u043b\u0438\u0446\u044b \u0440\u0430\u0439\u043e\u043d\u043d\u043e\u0433\u043e \u0437\u043d\u0430\u0447\u0435\u043d\u0438\u044f", "offer_2016": "\u041c\u0430\u0433\u0438\u0441\u0442\u0440\u0430\u043b\u044c\u043d\u044b\u0435 \u0443\u043b\u0438\u0446\u044b \u0440\u0430\u0439\u043e\u043d\u043d\u043e\u0433\u043e \u0437\u043d\u0430\u0447\u0435\u043d\u0438\u044f"}}, {"type": "Feature", "geometry": {"type": "Polygon", "coordinates": [[[37.600293920841075, 55.757435403024985], [37.600283307256184, 55.75743183710246], [37.600293920841075, 55.757428271179926], [37.60031514801086, 55.757428271179926], [37.600293920841075, 55.757435403024985]]]}, "properties": {"id": 25, "bound": true, "edge_id": 0, "ID": "{857058a0-dc24-483e-a991-0ed03693b26f}", "na_obj": "\u041d\u0438\u043a\u0438\u0442\u0441\u043a\u0430\u044f \u0411\u043e\u043b\u044c\u0448\u0430\u044f \u0443\u043b\u0438\u0446\u0430", "um_code": "004730", "no_omk": "-", "ao": "\u0426\u0410\u041e", "rajon": "\u041f\u0440\u0435\u0441\u043d\u0435\u043d\u0441\u043a\u0438\u0439", "status": "\u0421\u0443\u0449\u0435\u0441\u0442\u0432\u0443\u044e\u0449\u0438\u0435", "length": 125.2, "type_uds": "\u041e\u0434\u043d\u0430 \u043f\u0440\u043e\u0435\u0437\u0436\u0430\u044f \u0447\u0430\u0441\u0442\u044c", "rlane": "\u0414\u0430", "one_way": "\u043d\u0435\u0442", "kl_gp": "\u041c\u0430\u0433\u0438\u0441\u0442\u0440\u0430\u043b\u044c\u043d\u044b\u0435 \u0443\u043b\u0438\u0446\u044b \u043e\u0431\u0449\u0435\u0433\u043e\u0440\u043e\u0434\u0441\u043a\u043e\u0433\u043e \u0437\u043d\u0430\u0447\u0435\u043d\u0438\u044f II \u043a\u043b\u0430\u0441\u0441\u0430 \u0446\u0435\u043d\u0442\u0440\u0430", "class_active_2016": "\u041c\u0430\u0433\u0438\u0441\u0442\u0440\u0430\u043b\u044c\u043d\u044b\u0435 \u0443\u043b\u0438\u0446\u044b \u0440\u0430\u0439\u043e\u043d\u043d\u043e\u0433\u043e \u0437\u043d\u0430\u0447\u0435\u043d\u0438\u044f", "offer_2016": "\u041c\u0430\u0433\u0438\u0441\u0442\u0440\u0430\u043b\u044c\u043d\u044b\u0435 \u0443\u043b\u0438\u0446\u044b \u0440\u0430\u0439\u043e\u043d\u043d\u043e\u0433\u043e \u0437\u043d\u0430\u0447\u0435\u043d\u0438\u044f"}}, {"type": "Feature", "geometry": {"type": "Polygon", "coordinates": [[[37.60032576159575, 55.75750672147561], [37.60033637518064, 55.75749958963055], [37.60035760235042, 55.757503155553074], [37.60036821593531, 55.75749958963055], [37.60036821593531, 55.75750672147561], [37.60032576159575, 55.75750672147561]]]}, "properties": {"id": 26, "bound": true, "edge_id": 12, "ID": "{d5067311-abb6-4149-8cc1-1ae7654e318f}", "na_obj": "\u041b\u0435\u043e\u043d\u0442\u044c\u0435\u0432\u0441\u043a\u0438\u0439 \u043f\u0435\u0440\u0435\u0443\u043b\u043e\u043a", "um_code": "026390", "no_omk": "-", "ao": "\u0426\u0410\u041e", "rajon": "\u041f\u0440\u0435\u0441\u043d\u0435\u043d\u0441\u043a\u0438\u0439", "status": "\u0421\u0443\u0449\u0435\u0441\u0442\u0432\u0443\u044e\u0449\u0438\u0435", "length": 419.3, "type_uds": "\u041e\u0434\u043d\u0430 \u043f\u0440\u043e\u0435\u0437\u0436\u0430\u044f \u0447\u0430\u0441\u0442\u044c", "rlane": "\u0414\u0430", "one_way": "\u0434\u0430", "kl_gp": "\u041f\u0440\u043e\u0447\u0430\u044f \u0443\u043b\u0438\u0447\u043d\u043e-\u0434\u043e\u0440\u043e\u0436\u043d\u0430\u044f \u0441\u0435\u0442\u044c \u041c\u043e\u0441\u043a\u0432\u044b", "class_active_2016": "\u0423\u043b\u0438\u0446\u044b \u0438 \u0434\u043e\u0440\u043e\u0433\u0438 \u043c\u0435\u0441\u0442\u043d\u043e\u0433\u043e \u0437\u043d\u0430\u0447\u0435\u043d\u0438\u044f", "offer_2016": "\u0423\u043b\u0438\u0446\u044b \u0438 \u0434\u043e\u0440\u043e\u0433\u0438 \u043c\u0435\u0441\u0442\u043d\u043e\u0433\u043e \u0437\u043d\u0430\u0447\u0435\u043d\u0438\u044f"}}, {"type": "Feature", "geometry": {"type": "Polygon", "coordinates": [[[37.59978446876631, 55.75754238070092], [37.599752628011636, 55.75752811701079], [37.59974732121919, 55.757522768127], [37.59976324159653, 55.75752098516573], [37.599752628011636, 55.75752455108826], [37.599789775558754, 55.75753346589459], [37.59978446876631, 55.75753703181712], [37.599800389143645, 55.75754238070092], [37.59978446876631, 55.75754238070092]]]}, "properties": {"id": 27, "bound": true, "edge_id": 2, "ID": "{14e337fa-1a5e-475a-b3b9-be803f4d1825}", "na_obj": "\u041d\u0438\u043a\u0438\u0442\u0441\u043a\u0430\u044f \u0411\u043e\u043b\u044c\u0448\u0430\u044f \u0443\u043b\u0438\u0446\u0430", "um_code": "004730", "no_omk": "-", "ao": "\u0426\u0410\u041e", "rajon": "\u041f\u0440\u0435\u0441\u043d\u0435\u043d\u0441\u043a\u0438\u0439", "status": "\u0421\u0443\u0449\u0435\u0441\u0442\u0432\u0443\u044e\u0449\u0438\u0435", "length": 16.9, "type_uds": "\u041e\u0434\u043d\u0430 \u043f\u0440\u043e\u0435\u0437\u0436\u0430\u044f \u0447\u0430\u0441\u0442\u044c", "rlane": "\u0414\u0430", "one_way": "\u043d\u0435\u0442", "kl_gp": "\u041c\u0430\u0433\u0438\u0441\u0442\u0440\u0430\u043b\u044c\u043d\u044b\u0435 \u0443\u043b\u0438\u0446\u044b \u043e\u0431\u0449\u0435\u0433\u043e\u0440\u043e\u0434\u0441\u043a\u043e\u0433\u043e \u0437\u043d\u0430\u0447\u0435\u043d\u0438\u044f II \u043a\u043b\u0430\u0441\u0441\u0430 \u0446\u0435\u043d\u0442\u0440\u0430", "class_active_2016": "\u041c\u0430\u0433\u0438\u0441\u0442\u0440\u0430\u043b\u044c\u043d\u044b\u0435 \u0443\u043b\u0438\u0446\u044b \u0440\u0430\u0439\u043e\u043d\u043d\u043e\u0433\u043e \u0437\u043d\u0430\u0447\u0435\u043d\u0438\u044f", "offer_2016": "\u041c\u0430\u0433\u0438\u0441\u0442\u0440\u0430\u043b\u044c\u043d\u044b\u0435 \u0443\u043b\u0438\u0446\u044b \u0440\u0430\u0439\u043e\u043d\u043d\u043e\u0433\u043e \u0437\u043d\u0430\u0447\u0435\u043d\u0438\u044f"}}, {"type": "Feature", "geometry": {"type": "Polygon", "coordinates": [[[37.59818712424022, 55.757561993274834], [37.59817651065533, 55.75755842735231], [37.5981499766931, 55.75756021031357], [37.59813936310821, 55.75755664439104], [37.5981499766931, 55.75755307846851], [37.59816589707044, 55.75755842735231], [37.598181817447774, 55.75755307846851], [37.59819773782511, 55.75755842735231], [37.59818712424022, 55.757561993274834]]]}, "properties": {"id": 28, "bound": true, "edge_id": 5, "ID": "{f92bdfbf-2034-45f4-9ccf-d4b1af059d0f}", "na_obj": "\u041d\u0438\u043a\u0438\u0442\u0441\u043a\u0430\u044f \u0411\u043e\u043b\u044c\u0448\u0430\u044f \u0443\u043b\u0438\u0446\u0430", "um_code": "004730", "no_omk": "-", "ao": "\u0426\u0410\u041e", "rajon": "\u041f\u0440\u0435\u0441\u043d\u0435\u043d\u0441\u043a\u0438\u0439", "status": "\u0421\u0443\u0449\u0435\u0441\u0442\u0432\u0443\u044e\u0449\u0438\u0435", "length": 48.0, "type_uds": "\u041e\u0434\u043d\u0430 \u043f\u0440\u043e\u0435\u0437\u0436\u0430\u044f \u0447\u0430\u0441\u0442\u044c", "rlane": "\u0414\u0430", "one_way": "\u043d\u0435\u0442", "kl_gp": "\u041c\u0430\u0433\u0438\u0441\u0442\u0440\u0430\u043b\u044c\u043d\u044b\u0435 \u0443\u043b\u0438\u0446\u044b \u043e\u0431\u0449\u0435\u0433\u043e\u0440\u043e\u0434\u0441\u043a\u043e\u0433\u043e \u0437\u043d\u0430\u0447\u0435\u043d\u0438\u044f II \u043a\u043b\u0430\u0441\u0441\u0430 \u0446\u0435\u043d\u0442\u0440\u0430", "class_active_2016": "\u041c\u0430\u0433\u0438\u0441\u0442\u0440\u0430\u043b\u044c\u043d\u044b\u0435 \u0443\u043b\u0438\u0446\u044b \u0440\u0430\u0439\u043e\u043d\u043d\u043e\u0433\u043e \u0437\u043d\u0430\u0447\u0435\u043d\u0438\u044f", "offer_2016": "\u041c\u0430\u0433\u0438\u0441\u0442\u0440\u0430\u043b\u044c\u043d\u044b\u0435 \u0443\u043b\u0438\u0446\u044b \u0440\u0430\u0439\u043e\u043d\u043d\u043e\u0433\u043e \u0437\u043d\u0430\u0447\u0435\u043d\u0438\u044f"}}, {"type": "Feature", "geometry": {"type": "Polygon", "coordinates": [[[37.59827733971179, 55.7575744740037], [37.598261419334456, 55.7575691251199], [37.59824549895712, 55.7575691251199], [37.59824549895712, 55.757563776236104], [37.59828795329668, 55.75757090808116], [37.59827733971179, 55.7575744740037]]]}, "properties": {"id": 29, "bound": true, "edge_id": 5, "ID": "{f92bdfbf-2034-45f4-9ccf-d4b1af059d0f}", "na_obj": "\u041d\u0438\u043a\u0438\u0442\u0441\u043a\u0430\u044f \u0411\u043e\u043b\u044c\u0448\u0430\u044f \u0443\u043b\u0438\u0446\u0430", "um_code": "004730", "no_omk": "-", "ao": "\u0426\u0410\u041e", "rajon": "\u041f\u0440\u0435\u0441\u043d\u0435\u043d\u0441\u043a\u0438\u0439", "status": "\u0421\u0443\u0449\u0435\u0441\u0442\u0432\u0443\u044e\u0449\u0438\u0435", "length": 48.0, "type_uds": "\u041e\u0434\u043d\u0430 \u043f\u0440\u043e\u0435\u0437\u0436\u0430\u044f \u0447\u0430\u0441\u0442\u044c", "rlane": "\u0414\u0430", "one_way": "\u043d\u0435\u0442", "kl_gp": "\u041c\u0430\u0433\u0438\u0441\u0442\u0440\u0430\u043b\u044c\u043d\u044b\u0435 \u0443\u043b\u0438\u0446\u044b \u043e\u0431\u0449\u0435\u0433\u043e\u0440\u043e\u0434\u0441\u043a\u043e\u0433\u043e \u0437\u043d\u0430\u0447\u0435\u043d\u0438\u044f II \u043a\u043b\u0430\u0441\u0441\u0430 \u0446\u0435\u043d\u0442\u0440\u0430", "class_active_2016": "\u041c\u0430\u0433\u0438\u0441\u0442\u0440\u0430\u043b\u044c\u043d\u044b\u0435 \u0443\u043b\u0438\u0446\u044b \u0440\u0430\u0439\u043e\u043d\u043d\u043e\u0433\u043e \u0437\u043d\u0430\u0447\u0435\u043d\u0438\u044f", "offer_2016": "\u041c\u0430\u0433\u0438\u0441\u0442\u0440\u0430\u043b\u044c\u043d\u044b\u0435 \u0443\u043b\u0438\u0446\u044b \u0440\u0430\u0439\u043e\u043d\u043d\u043e\u0433\u043e \u0437\u043d\u0430\u0447\u0435\u043d\u0438\u044f"}}, {"type": "Feature", "geometry": {"type": "Polygon", "coordinates": [[[37.60037352272776, 55.757590520655086], [37.600362909142866, 55.75758695473255], [37.60036821593531, 55.757581605848756], [37.60038413631265, 55.75757982288749], [37.600389443105094, 55.75758517177129], [37.60037352272776, 55.757590520655086]]]}, "properties": {"id": 30, "bound": true, "edge_id": 12, "ID": "{d5067311-abb6-4149-8cc1-1ae7654e318f}", "na_obj": "\u041b\u0435\u043e\u043d\u0442\u044c\u0435\u0432\u0441\u043a\u0438\u0439 \u043f\u0435\u0440\u0435\u0443\u043b\u043e\u043a", "um_code": "026390", "no_omk": "-", "ao": "\u0426\u0410\u041e", "rajon": "\u041f\u0440\u0435\u0441\u043d\u0435\u043d\u0441\u043a\u0438\u0439", "status": "\u0421\u0443\u0449\u0435\u0441\u0442\u0432\u0443\u044e\u0449\u0438\u0435", "length": 419.3, "type_uds": "\u041e\u0434\u043d\u0430 \u043f\u0440\u043e\u0435\u0437\u0436\u0430\u044f \u0447\u0430\u0441\u0442\u044c", "rlane": "\u0414\u0430", "one_way": "\u0434\u0430", "kl_gp": "\u041f\u0440\u043e\u0447\u0430\u044f \u0443\u043b\u0438\u0447\u043d\u043e-\u0434\u043e\u0440\u043e\u0436\u043d\u0430\u044f \u0441\u0435\u0442\u044c \u041c\u043e\u0441\u043a\u0432\u044b", "class_active_2016": "\u0423\u043b\u0438\u0446\u044b \u0438 \u0434\u043e\u0440\u043e\u0433\u0438 \u043c\u0435\u0441\u0442\u043d\u043e\u0433\u043e \u0437\u043d\u0430\u0447\u0435\u043d\u0438\u044f", "offer_2016": "\u0423\u043b\u0438\u0446\u044b \u0438 \u0434\u043e\u0440\u043e\u0433\u0438 \u043c\u0435\u0441\u0442\u043d\u043e\u0433\u043e \u0437\u043d\u0430\u0447\u0435\u043d\u0438\u044f"}}, {"type": "Feature", "geometry": {"type": "Polygon", "coordinates": [[[37.59888231405058, 55.757599435461415], [37.59887700725813, 55.75759408657762], [37.59889292763547, 55.75759230361635], [37.59890354122036, 55.75759586953888], [37.59888231405058, 55.757599435461415]]]}, "properties": {"id": 31, "bound": true, "edge_id": 7, "ID": "{77dc09a4-d7ce-48c3-b67d-f7f1256d802f}", "na_obj": "\u041d\u0438\u043a\u0438\u0442\u0441\u043a\u0430\u044f \u0411\u043e\u043b\u044c\u0448\u0430\u044f \u0443\u043b\u0438\u0446\u0430", "um_code": "004730", "no_omk": "-", "ao": "\u0426\u0410\u041e", "rajon": "\u041f\u0440\u0435\u0441\u043d\u0435\u043d\u0441\u043a\u0438\u0439", "status": "\u0421\u0443\u0449\u0435\u0441\u0442\u0432\u0443\u044e\u0449\u0438\u0435", "length": 68.2, "type_uds": "\u041e\u0434\u043d\u0430 \u043f\u0440\u043e\u0435\u0437\u0436\u0430\u044f \u0447\u0430\u0441\u0442\u044c", "rlane": "\u0414\u0430", "one_way": "\u043d\u0435\u0442", "kl_gp": "\u041c\u0430\u0433\u0438\u0441\u0442\u0440\u0430\u043b\u044c\u043d\u044b\u0435 \u0443\u043b\u0438\u0446\u044b \u043e\u0431\u0449\u0435\u0433\u043e\u0440\u043e\u0434\u0441\u043a\u043e\u0433\u043e \u0437\u043d\u0430\u0447\u0435\u043d\u0438\u044f II \u043a\u043b\u0430\u0441\u0441\u0430 \u0446\u0435\u043d\u0442\u0440\u0430", "class_active_2016": "\u041c\u0430\u0433\u0438\u0441\u0442\u0440\u0430\u043b\u044c\u043d\u044b\u0435 \u0443\u043b\u0438\u0446\u044b \u0440\u0430\u0439\u043e\u043d\u043d\u043e\u0433\u043e \u0437\u043d\u0430\u0447\u0435\u043d\u0438\u044f", "offer_2016": "\u041c\u0430\u0433\u0438\u0441\u0442\u0440\u0430\u043b\u044c\u043d\u044b\u0435 \u0443\u043b\u0438\u0446\u044b \u0440\u0430\u0439\u043e\u043d\u043d\u043e\u0433\u043e \u0437\u043d\u0430\u0447\u0435\u043d\u0438\u044f"}}, {"type": "Feature", "geometry": {"type": "Polygon", "coordinates": [[[37.59834102122114, 55.757581605848756], [37.59835163480603, 55.75758517177129], [37.59833571442869, 55.757590520655086], [37.59833040763625, 55.75758517177129], [37.59834102122114, 55.757581605848756]]]}, "properties": {"id": 32, "bound": true, "edge_id": 5, "ID": "{f92bdfbf-2034-45f4-9ccf-d4b1af059d0f}", "na_obj": "\u041d\u0438\u043a\u0438\u0442\u0441\u043a\u0430\u044f \u0411\u043e\u043b\u044c\u0448\u0430\u044f \u0443\u043b\u0438\u0446\u0430", "um_code": "004730", "no_omk": "-", "ao": "\u0426\u0410\u041e", "rajon": "\u041f\u0440\u0435\u0441\u043d\u0435\u043d\u0441\u043a\u0438\u0439", "status": "\u0421\u0443\u0449\u0435\u0441\u0442\u0432\u0443\u044e\u0449\u0438\u0435", "length": 48.0, "type_uds": "\u041e\u0434\u043d\u0430 \u043f\u0440\u043e\u0435\u0437\u0436\u0430\u044f \u0447\u0430\u0441\u0442\u044c", "rlane": "\u0414\u0430", "one_way": "\u043d\u0435\u0442", "kl_gp": "\u041c\u0430\u0433\u0438\u0441\u0442\u0440\u0430\u043b\u044c\u043d\u044b\u0435 \u0443\u043b\u0438\u0446\u044b \u043e\u0431\u0449\u0435\u0433\u043e\u0440\u043e\u0434\u0441\u043a\u043e\u0433\u043e \u0437\u043d\u0430\u0447\u0435\u043d\u0438\u044f II \u043a\u043b\u0430\u0441\u0441\u0430 \u0446\u0435\u043d\u0442\u0440\u0430", "class_active_2016": "\u041c\u0430\u0433\u0438\u0441\u0442\u0440\u0430\u043b\u044c\u043d\u044b\u0435 \u0443\u043b\u0438\u0446\u044b \u0440\u0430\u0439\u043e\u043d\u043d\u043e\u0433\u043e \u0437\u043d\u0430\u0447\u0435\u043d\u0438\u044f", "offer_2016": "\u041c\u0430\u0433\u0438\u0441\u0442\u0440\u0430\u043b\u044c\u043d\u044b\u0435 \u0443\u043b\u0438\u0446\u044b \u0440\u0430\u0439\u043e\u043d\u043d\u043e\u0433\u043e \u0437\u043d\u0430\u0447\u0435\u043d\u0438\u044f"}}, {"type": "Feature", "geometry": {"type": "Polygon", "coordinates": [[[37.59790586424061, 55.75760300138394], [37.597911171033054, 55.757597652500145], [37.59790586424061, 55.757590520655086], [37.59792709141039, 55.75759586953888], [37.597911171033054, 55.75760121842268], [37.59792709141039, 55.757606567306475], [37.59790586424061, 55.75760300138394]]]}, "properties": {"id": 33, "bound": true, "edge_id": 8, "ID": "{f40d80ea-4d2b-4add-ba60-c955f6fe929f}", "na_obj": "\u0422\u0432\u0435\u0440\u0441\u043a\u043e\u0439 \u0431\u0443\u043b\u044c\u0432\u0430\u0440", "um_code": "027730", "no_omk": "-", "ao": "\u0426\u0410\u041e", "rajon": "\u041f\u0440\u0435\u0441\u043d\u0435\u043d\u0441\u043a\u0438\u0439", "status": "\u0421\u0443\u0449\u0435\u0441\u0442\u0432\u0443\u044e\u0449\u0438\u0435", "length": 27.6, "type_uds": "\u041d\u0430\u043f\u0440\u0430\u0432\u043b\u0435\u043d\u0438\u0435 2", "rlane": "\u0414\u0430", "one_way": "\u0434\u0430", "kl_gp": "\u041c\u0430\u0433\u0438\u0441\u0442\u0440\u0430\u043b\u044c\u043d\u044b\u0435 \u0443\u043b\u0438\u0446\u044b \u043e\u0431\u0449\u0435\u0433\u043e\u0440\u043e\u0434\u0441\u043a\u043e\u0433\u043e \u0437\u043d\u0430\u0447\u0435\u043d\u0438\u044f II \u043a\u043b\u0430\u0441\u0441\u0430 \u0446\u0435\u043d\u0442\u0440\u0430", "class_active_2016": "\u041c\u0430\u0433\u0438\u0441\u0442\u0440\u0430\u043b\u044c\u043d\u044b\u0435 \u0443\u043b\u0438\u0446\u044b \u043e\u0431\u0449\u0435\u0433\u043e\u0440\u043e\u0434\u0441\u043a\u043e\u0433\u043e \u0437\u043d\u0430\u0447\u0435\u043d\u0438\u044f 3-\u0433\u043e \u043a\u043b\u0430\u0441\u0441\u0430 - \u0440\u0435\u0433\u0443\u043b\u0438\u0440\u0443\u0435\u043c\u043e\u0433\u043e \u0434\u0432\u0438\u0436\u0435\u043d\u0438\u044f", "offer_2016": "\u041c\u0430\u0433\u0438\u0441\u0442\u0440\u0430\u043b\u044c\u043d\u044b\u0435 \u0443\u043b\u0438\u0446\u044b \u043e\u0431\u0449\u0435\u0433\u043e\u0440\u043e\u0434\u0441\u043a\u043e\u0433\u043e \u0437\u043d\u0430\u0447\u0435\u043d\u0438\u044f 3-\u0433\u043e \u043a\u043b\u0430\u0441\u0441\u0430 - \u0440\u0435\u0433\u0443\u043b\u0438\u0440\u0443\u0435\u043c\u043e\u0433\u043e \u0434\u0432\u0438\u0436\u0435\u043d\u0438\u044f"}}, {"type": "Feature", "geometry": {"type": "Polygon", "coordinates": [[[37.6003204548033, 55.75760835026774], [37.60033106838819, 55.75760478434521], [37.60032576159575, 55.757599435461415], [37.600341681973084, 55.757597652500145], [37.60035760235042, 55.75760300138394], [37.60033637518064, 55.75761013322901], [37.6003204548033, 55.75760835026774]]]}, "properties": {"id": 34, "bound": true, "edge_id": 12, "ID": "{d5067311-abb6-4149-8cc1-1ae7654e318f}", "na_obj": "\u041b\u0435\u043e\u043d\u0442\u044c\u0435\u0432\u0441\u043a\u0438\u0439 \u043f\u0435\u0440\u0435\u0443\u043b\u043e\u043a", "um_code": "026390", "no_omk": "-", "ao": "\u0426\u0410\u041e", "rajon": "\u041f\u0440\u0435\u0441\u043d\u0435\u043d\u0441\u043a\u0438\u0439", "status": "\u0421\u0443\u0449\u0435\u0441\u0442\u0432\u0443\u044e\u0449\u0438\u0435", "length": 419.3, "type_uds": "\u041e\u0434\u043d\u0430 \u043f\u0440\u043e\u0435\u0437\u0436\u0430\u044f \u0447\u0430\u0441\u0442\u044c", "rlane": "\u0414\u0430", "one_way": "\u0434\u0430", "kl_gp": "\u041f\u0440\u043e\u0447\u0430\u044f \u0443\u043b\u0438\u0447\u043d\u043e-\u0434\u043e\u0440\u043e\u0436\u043d\u0430\u044f \u0441\u0435\u0442\u044c \u041c\u043e\u0441\u043a\u0432\u044b", "class_active_2016": "\u0423\u043b\u0438\u0446\u044b \u0438 \u0434\u043e\u0440\u043e\u0433\u0438 \u043c\u0435\u0441\u0442\u043d\u043e\u0433\u043e \u0437\u043d\u0430\u0447\u0435\u043d\u0438\u044f", "offer_2016": "\u0423\u043b\u0438\u0446\u044b \u0438 \u0434\u043e\u0440\u043e\u0433\u0438 \u043c\u0435\u0441\u0442\u043d\u043e\u0433\u043e \u0437\u043d\u0430\u0447\u0435\u043d\u0438\u044f"}}, {"type": "Feature", "geometry": {"type": "Polygon", "coordinates": [[[37.60036821593531, 55.757615482112804], [37.60036821593531, 55.75761013322901], [37.60038413631265, 55.75760478434521], [37.600389443105094, 55.757606567306475], [37.6003788295202, 55.757613699151534], [37.600389443105094, 55.75761726507407], [37.60036821593531, 55.757615482112804]]]}, "properties": {"id": 35, "bound": true, "edge_id": 12, "ID": "{d5067311-abb6-4149-8cc1-1ae7654e318f}", "na_obj": "\u041b\u0435\u043e\u043d\u0442\u044c\u0435\u0432\u0441\u043a\u0438\u0439 \u043f\u0435\u0440\u0435\u0443\u043b\u043e\u043a", "um_code": "026390", "no_omk": "-", "ao": "\u0426\u0410\u041e", "rajon": "\u041f\u0440\u0435\u0441\u043d\u0435\u043d\u0441\u043a\u0438\u0439", "status": "\u0421\u0443\u0449\u0435\u0441\u0442\u0432\u0443\u044e\u0449\u0438\u0435", "length": 419.3, "type_uds": "\u041e\u0434\u043d\u0430 \u043f\u0440\u043e\u0435\u0437\u0436\u0430\u044f \u0447\u0430\u0441\u0442\u044c", "rlane": "\u0414\u0430", "one_way": "\u0434\u0430", "kl_gp": "\u041f\u0440\u043e\u0447\u0430\u044f \u0443\u043b\u0438\u0447\u043d\u043e-\u0434\u043e\u0440\u043e\u0436\u043d\u0430\u044f \u0441\u0435\u0442\u044c \u041c\u043e\u0441\u043a\u0432\u044b", "class_active_2016": "\u0423\u043b\u0438\u0446\u044b \u0438 \u0434\u043e\u0440\u043e\u0433\u0438 \u043c\u0435\u0441\u0442\u043d\u043e\u0433\u043e \u0437\u043d\u0430\u0447\u0435\u043d\u0438\u044f", "offer_2016": "\u0423\u043b\u0438\u0446\u044b \u0438 \u0434\u043e\u0440\u043e\u0433\u0438 \u043c\u0435\u0441\u0442\u043d\u043e\u0433\u043e \u0437\u043d\u0430\u0447\u0435\u043d\u0438\u044f"}}, {"type": "Feature", "geometry": {"type": "Polygon", "coordinates": [[[37.599975513294346, 55.75761726507407], [37.59998612687924, 55.7576208309966], [37.59998082008679, 55.7576261798804], [37.599964899709455, 55.7576208309966], [37.599975513294346, 55.75761726507407]]]}, "properties": {"id": 36, "bound": true, "edge_id": 12, "ID": "{d5067311-abb6-4149-8cc1-1ae7654e318f}", "na_obj": "\u041b\u0435\u043e\u043d\u0442\u044c\u0435\u0432\u0441\u043a\u0438\u0439 \u043f\u0435\u0440\u0435\u0443\u043b\u043e\u043a", "um_code": "026390", "no_omk": "-", "ao": "\u0426\u0410\u041e", "rajon": "\u041f\u0440\u0435\u0441\u043d\u0435\u043d\u0441\u043a\u0438\u0439", "status": "\u0421\u0443\u0449\u0435\u0441\u0442\u0432\u0443\u044e\u0449\u0438\u0435", "length": 419.3, "type_uds": "\u041e\u0434\u043d\u0430 \u043f\u0440\u043e\u0435\u0437\u0436\u0430\u044f \u0447\u0430\u0441\u0442\u044c", "rlane": "\u0414\u0430", "one_way": "\u0434\u0430", "kl_gp": "\u041f\u0440\u043e\u0447\u0430\u044f \u0443\u043b\u0438\u0447\u043d\u043e-\u0434\u043e\u0440\u043e\u0436\u043d\u0430\u044f \u0441\u0435\u0442\u044c \u041c\u043e\u0441\u043a\u0432\u044b", "class_active_2016": "\u0423\u043b\u0438\u0446\u044b \u0438 \u0434\u043e\u0440\u043e\u0433\u0438 \u043c\u0435\u0441\u0442\u043d\u043e\u0433\u043e \u0437\u043d\u0430\u0447\u0435\u043d\u0438\u044f", "offer_2016": "\u0423\u043b\u0438\u0446\u044b \u0438 \u0434\u043e\u0440\u043e\u0433\u0438 \u043c\u0435\u0441\u0442\u043d\u043e\u0433\u043e \u0437\u043d\u0430\u0447\u0435\u043d\u0438\u044f"}}, {"type": "Feature", "geometry": {"type": "Polygon", "coordinates": [[[37.6002620800864, 55.75763509468672], [37.60024085291662, 55.75762439691913], [37.60025146650151, 55.7576208309966], [37.60027269367129, 55.75763152876419], [37.6002620800864, 55.75763509468672]]]}, "properties": {"id": 37, "bound": true, "edge_id": 12, "ID": "{d5067311-abb6-4149-8cc1-1ae7654e318f}", "na_obj": "\u041b\u0435\u043e\u043d\u0442\u044c\u0435\u0432\u0441\u043a\u0438\u0439 \u043f\u0435\u0440\u0435\u0443\u043b\u043e\u043a", "um_code": "026390", "no_omk": "-", "ao": "\u0426\u0410\u041e", "rajon": "\u041f\u0440\u0435\u0441\u043d\u0435\u043d\u0441\u043a\u0438\u0439", "status": "\u0421\u0443\u0449\u0435\u0441\u0442\u0432\u0443\u044e\u0449\u0438\u0435", "length": 419.3, "type_uds": "\u041e\u0434\u043d\u0430 \u043f\u0440\u043e\u0435\u0437\u0436\u0430\u044f \u0447\u0430\u0441\u0442\u044c", "rlane": "\u0414\u0430", "one_way": "\u0434\u0430", "kl_gp": "\u041f\u0440\u043e\u0447\u0430\u044f \u0443\u043b\u0438\u0447\u043d\u043e-\u0434\u043e\u0440\u043e\u0436\u043d\u0430\u044f \u0441\u0435\u0442\u044c \u041c\u043e\u0441\u043a\u0432\u044b", "class_active_2016": "\u0423\u043b\u0438\u0446\u044b \u0438 \u0434\u043e\u0440\u043e\u0433\u0438 \u043c\u0435\u0441\u0442\u043d\u043e\u0433\u043e \u0437\u043d\u0430\u0447\u0435\u043d\u0438\u044f", "offer_2016": "\u0423\u043b\u0438\u0446\u044b \u0438 \u0434\u043e\u0440\u043e\u0433\u0438 \u043c\u0435\u0441\u0442\u043d\u043e\u0433\u043e \u0437\u043d\u0430\u0447\u0435\u043d\u0438\u044f"}}, {"type": "Feature", "geometry": {"type": "Polygon", "coordinates": [[[37.60018247819972, 55.75763687764799], [37.600177171407275, 55.75762974580292], [37.600187784992166, 55.75762974580292], [37.60020901216195, 55.75763866060925], [37.60018247819972, 55.75763687764799]]]}, "properties": {"id": 38, "bound": true, "edge_id": 12, "ID": "{d5067311-abb6-4149-8cc1-1ae7654e318f}", "na_obj": "\u041b\u0435\u043e\u043d\u0442\u044c\u0435\u0432\u0441\u043a\u0438\u0439 \u043f\u0435\u0440\u0435\u0443\u043b\u043e\u043a", "um_code": "026390", "no_omk": "-", "ao": "\u0426\u0410\u041e", "rajon": "\u041f\u0440\u0435\u0441\u043d\u0435\u043d\u0441\u043a\u0438\u0439", "status": "\u0421\u0443\u0449\u0435\u0441\u0442\u0432\u0443\u044e\u0449\u0438\u0435", "length": 419.3, "type_uds": "\u041e\u0434\u043d\u0430 \u043f\u0440\u043e\u0435\u0437\u0436\u0430\u044f \u0447\u0430\u0441\u0442\u044c", "rlane": "\u0414\u0430", "one_way": "\u0434\u0430", "kl_gp": "\u041f\u0440\u043e\u0447\u0430\u044f \u0443\u043b\u0438\u0447\u043d\u043e-\u0434\u043e\u0440\u043e\u0436\u043d\u0430\u044f \u0441\u0435\u0442\u044c \u041c\u043e\u0441\u043a\u0432\u044b", "class_active_2016": "\u0423\u043b\u0438\u0446\u044b \u0438 \u0434\u043e\u0440\u043e\u0433\u0438 \u043c\u0435\u0441\u0442\u043d\u043e\u0433\u043e \u0437\u043d\u0430\u0447\u0435\u043d\u0438\u044f", "offer_2016": "\u0423\u043b\u0438\u0446\u044b \u0438 \u0434\u043e\u0440\u043e\u0433\u0438 \u043c\u0435\u0441\u0442\u043d\u043e\u0433\u043e \u0437\u043d\u0430\u0447\u0435\u043d\u0438\u044f"}}, {"type": "Feature", "geometry": {"type": "Polygon", "coordinates": [[[37.600362909142866, 55.75764400949305], [37.60036821593531, 55.75763866060925], [37.6003788295202, 55.75763509468672], [37.600389443105094, 55.75763866060925], [37.60037352272776, 55.75764400949305], [37.600389443105094, 55.757649358376845], [37.600362909142866, 55.75764400949305]]]}, "properties": {"id": 39, "bound": true, "edge_id": 12, "ID": "{d5067311-abb6-4149-8cc1-1ae7654e318f}", "na_obj": "\u041b\u0435\u043e\u043d\u0442\u044c\u0435\u0432\u0441\u043a\u0438\u0439 \u043f\u0435\u0440\u0435\u0443\u043b\u043e\u043a", "um_code": "026390", "no_omk": "-", "ao": "\u0426\u0410\u041e", "rajon": "\u041f\u0440\u0435\u0441\u043d\u0435\u043d\u0441\u043a\u0438\u0439", "status": "\u0421\u0443\u0449\u0435\u0441\u0442\u0432\u0443\u044e\u0449\u0438\u0435", "length": 419.3, "type_uds": "\u041e\u0434\u043d\u0430 \u043f\u0440\u043e\u0435\u0437\u0436\u0430\u044f \u0447\u0430\u0441\u0442\u044c", "rlane": "\u0414\u0430", "one_way": "\u0434\u0430", "kl_gp": "\u041f\u0440\u043e\u0447\u0430\u044f \u0443\u043b\u0438\u0447\u043d\u043e-\u0434\u043e\u0440\u043e\u0436\u043d\u0430\u044f \u0441\u0435\u0442\u044c \u041c\u043e\u0441\u043a\u0432\u044b", "class_active_2016": "\u0423\u043b\u0438\u0446\u044b \u0438 \u0434\u043e\u0440\u043e\u0433\u0438 \u043c\u0435\u0441\u0442\u043d\u043e\u0433\u043e \u0437\u043d\u0430\u0447\u0435\u043d\u0438\u044f", "offer_2016": "\u0423\u043b\u0438\u0446\u044b \u0438 \u0434\u043e\u0440\u043e\u0433\u0438 \u043c\u0435\u0441\u0442\u043d\u043e\u0433\u043e \u0437\u043d\u0430\u0447\u0435\u043d\u0438\u044f"}}, {"type": "Feature", "geometry": {"type": "Polygon", "coordinates": [[[37.600283307256184, 55.75764579245431], [37.60027800046374, 55.757640443570516], [37.600283307256184, 55.75763509468672], [37.600304534425966, 55.757649358376845], [37.600283307256184, 55.75764579245431]]]}, "properties": {"id": 40, "bound": true, "edge_id": 12, "ID": "{d5067311-abb6-4149-8cc1-1ae7654e318f}", "na_obj": "\u041b\u0435\u043e\u043d\u0442\u044c\u0435\u0432\u0441\u043a\u0438\u0439 \u043f\u0435\u0440\u0435\u0443\u043b\u043e\u043a", "um_code": "026390", "no_omk": "-", "ao": "\u0426\u0410\u041e", "rajon": "\u041f\u0440\u0435\u0441\u043d\u0435\u043d\u0441\u043a\u0438\u0439", "status": "\u0421\u0443\u0449\u0435\u0441\u0442\u0432\u0443\u044e\u0449\u0438\u0435", "length": 419.3, "type_uds": "\u041e\u0434\u043d\u0430 \u043f\u0440\u043e\u0435\u0437\u0436\u0430\u044f \u0447\u0430\u0441\u0442\u044c", "rlane": "\u0414\u0430", "one_way": "\u0434\u0430", "kl_gp": "\u041f\u0440\u043e\u0447\u0430\u044f \u0443\u043b\u0438\u0447\u043d\u043e-\u0434\u043e\u0440\u043e\u0436\u043d\u0430\u044f \u0441\u0435\u0442\u044c \u041c\u043e\u0441\u043a\u0432\u044b", "class_active_2016": "\u0423\u043b\u0438\u0446\u044b \u0438 \u0434\u043e\u0440\u043e\u0433\u0438 \u043c\u0435\u0441\u0442\u043d\u043e\u0433\u043e \u0437\u043d\u0430\u0447\u0435\u043d\u0438\u044f", "offer_2016": "\u0423\u043b\u0438\u0446\u044b \u0438 \u0434\u043e\u0440\u043e\u0433\u0438 \u043c\u0435\u0441\u0442\u043d\u043e\u0433\u043e \u0437\u043d\u0430\u0447\u0435\u043d\u0438\u044f"}}, {"type": "Feature", "geometry": {"type": "Polygon", "coordinates": [[[37.600362909142866, 55.757672536873294], [37.60036821593531, 55.7576671879895], [37.6003788295202, 55.75766362206697], [37.600389443105094, 55.7576671879895], [37.60037352272776, 55.757672536873294], [37.600362909142866, 55.757672536873294]]]}, "properties": {"id": 41, "bound": true, "edge_id": 12, "ID": "{d5067311-abb6-4149-8cc1-1ae7654e318f}", "na_obj": "\u041b\u0435\u043e\u043d\u0442\u044c\u0435\u0432\u0441\u043a\u0438\u0439 \u043f\u0435\u0440\u0435\u0443\u043b\u043e\u043a", "um_code": "026390", "no_omk": "-", "ao": "\u0426\u0410\u041e", "rajon": "\u041f\u0440\u0435\u0441\u043d\u0435\u043d\u0441\u043a\u0438\u0439", "status": "\u0421\u0443\u0449\u0435\u0441\u0442\u0432\u0443\u044e\u0449\u0438\u0435", "length": 419.3, "type_uds": "\u041e\u0434\u043d\u0430 \u043f\u0440\u043e\u0435\u0437\u0436\u0430\u044f \u0447\u0430\u0441\u0442\u044c", "rlane": "\u0414\u0430", "one_way": "\u0434\u0430", "kl_gp": "\u041f\u0440\u043e\u0447\u0430\u044f \u0443\u043b\u0438\u0447\u043d\u043e-\u0434\u043e\u0440\u043e\u0436\u043d\u0430\u044f \u0441\u0435\u0442\u044c \u041c\u043e\u0441\u043a\u0432\u044b", "class_active_2016": "\u0423\u043b\u0438\u0446\u044b \u0438 \u0434\u043e\u0440\u043e\u0433\u0438 \u043c\u0435\u0441\u0442\u043d\u043e\u0433\u043e \u0437\u043d\u0430\u0447\u0435\u043d\u0438\u044f", "offer_2016": "\u0423\u043b\u0438\u0446\u044b \u0438 \u0434\u043e\u0440\u043e\u0433\u0438 \u043c\u0435\u0441\u0442\u043d\u043e\u0433\u043e \u0437\u043d\u0430\u0447\u0435\u043d\u0438\u044f"}}, {"type": "Feature", "geometry": {"type": "Polygon", "coordinates": [[[37.598356941598475, 55.757672536873294], [37.59835163480603, 55.7576671879895], [37.59836224839092, 55.75766362206697], [37.59837816876826, 55.757665405028234], [37.598356941598475, 55.757672536873294]]]}, "properties": {"id": 42, "bound": true, "edge_id": 9, "ID": "{9eac3da1-e2e3-4bb5-8ce9-bf9bf0b3193b}", "na_obj": "\u0431/\u043d", "um_code": "-", "no_omk": "-", "ao": "\u0426\u0410\u041e", "rajon": "\u041f\u0440\u0435\u0441\u043d\u0435\u043d\u0441\u043a\u0438\u0439", "status": "\u0421\u0443\u0449\u0435\u0441\u0442\u0432\u0443\u044e\u0449\u0438\u0435", "length": 50.3, "type_uds": "\u0421\u044a\u0435\u0437\u0434", "rlane": "\u0414\u0430", "one_way": "\u0434\u0430", "kl_gp": "\u041c\u0430\u0433\u0438\u0441\u0442\u0440\u0430\u043b\u044c\u043d\u044b\u0435 \u0443\u043b\u0438\u0446\u044b \u043e\u0431\u0449\u0435\u0433\u043e\u0440\u043e\u0434\u0441\u043a\u043e\u0433\u043e \u0437\u043d\u0430\u0447\u0435\u043d\u0438\u044f II \u043a\u043b\u0430\u0441\u0441\u0430 \u0446\u0435\u043d\u0442\u0440\u0430", "class_active_2016": "-", "offer_2016": "-"}}, {"type": "Feature", "geometry": {"type": "Polygon", "coordinates": [[[37.60027800046374, 55.757672536873294], [37.600283307256184, 55.7576671879895], [37.600293920841075, 55.75766362206697], [37.600304534425966, 55.7576671879895], [37.60028861404863, 55.757672536873294], [37.60029922763352, 55.75767610279583], [37.600293920841075, 55.75767788575709], [37.60027800046374, 55.757672536873294]]]}, "properties": {"id": 43, "bound": true, "edge_id": 12, "ID": "{d5067311-abb6-4149-8cc1-1ae7654e318f}", "na_obj": "\u041b\u0435\u043e\u043d\u0442\u044c\u0435\u0432\u0441\u043a\u0438\u0439 \u043f\u0435\u0440\u0435\u0443\u043b\u043e\u043a", "um_code": "026390", "no_omk": "-", "ao": "\u0426\u0410\u041e", "rajon": "\u041f\u0440\u0435\u0441\u043d\u0435\u043d\u0441\u043a\u0438\u0439", "status": "\u0421\u0443\u0449\u0435\u0441\u0442\u0432\u0443\u044e\u0449\u0438\u0435", "length": 419.3, "type_uds": "\u041e\u0434\u043d\u0430 \u043f\u0440\u043e\u0435\u0437\u0436\u0430\u044f \u0447\u0430\u0441\u0442\u044c", "rlane": "\u0414\u0430", "one_way": "\u0434\u0430", "kl_gp": "\u041f\u0440\u043e\u0447\u0430\u044f \u0443\u043b\u0438\u0447\u043d\u043e-\u0434\u043e\u0440\u043e\u0436\u043d\u0430\u044f \u0441\u0435\u0442\u044c \u041c\u043e\u0441\u043a\u0432\u044b", "class_active_2016": "\u0423\u043b\u0438\u0446\u044b \u0438 \u0434\u043e\u0440\u043e\u0433\u0438 \u043c\u0435\u0441\u0442\u043d\u043e\u0433\u043e \u0437\u043d\u0430\u0447\u0435\u043d\u0438\u044f", "offer_2016": "\u0423\u043b\u0438\u0446\u044b \u0438 \u0434\u043e\u0440\u043e\u0433\u0438 \u043c\u0435\u0441\u0442\u043d\u043e\u0433\u043e \u0437\u043d\u0430\u0447\u0435\u043d\u0438\u044f"}}, {"type": "Feature", "geometry": {"type": "Polygon", "coordinates": [[[37.59911581291818, 55.757683234640886], [37.599083972163506, 55.75767788575709], [37.5990945857484, 55.757674319834564], [37.59911581291818, 55.75767788575709], [37.59911581291818, 55.757683234640886]]]}, "properties": {"id": 44, "bound": true, "edge_id": 7, "ID": "{77dc09a4-d7ce-48c3-b67d-f7f1256d802f}", "na_obj": "\u041d\u0438\u043a\u0438\u0442\u0441\u043a\u0430\u044f \u0411\u043e\u043b\u044c\u0448\u0430\u044f \u0443\u043b\u0438\u0446\u0430", "um_code": "004730", "no_omk": "-", "ao": "\u0426\u0410\u041e", "rajon": "\u041f\u0440\u0435\u0441\u043d\u0435\u043d\u0441\u043a\u0438\u0439", "status": "\u0421\u0443\u0449\u0435\u0441\u0442\u0432\u0443\u044e\u0449\u0438\u0435", "length": 68.2, "type_uds": "\u041e\u0434\u043d\u0430 \u043f\u0440\u043e\u0435\u0437\u0436\u0430\u044f \u0447\u0430\u0441\u0442\u044c", "rlane": "\u0414\u0430", "one_way": "\u043d\u0435\u0442", "kl_gp": "\u041c\u0430\u0433\u0438\u0441\u0442\u0440\u0430\u043b\u044c\u043d\u044b\u0435 \u0443\u043b\u0438\u0446\u044b \u043e\u0431\u0449\u0435\u0433\u043e\u0440\u043e\u0434\u0441\u043a\u043e\u0433\u043e \u0437\u043d\u0430\u0447\u0435\u043d\u0438\u044f II \u043a\u043b\u0430\u0441\u0441\u0430 \u0446\u0435\u043d\u0442\u0440\u0430", "class_active_2016": "\u041c\u0430\u0433\u0438\u0441\u0442\u0440\u0430\u043b\u044c\u043d\u044b\u0435 \u0443\u043b\u0438\u0446\u044b \u0440\u0430\u0439\u043e\u043d\u043d\u043e\u0433\u043e \u0437\u043d\u0430\u0447\u0435\u043d\u0438\u044f", "offer_2016": "\u041c\u0430\u0433\u0438\u0441\u0442\u0440\u0430\u043b\u044c\u043d\u044b\u0435 \u0443\u043b\u0438\u0446\u044b \u0440\u0430\u0439\u043e\u043d\u043d\u043e\u0433\u043e \u0437\u043d\u0430\u0447\u0435\u043d\u0438\u044f"}}, {"type": "Feature", "geometry": {"type": "Polygon", "coordinates": [[[37.59849491820206, 55.757683234640886], [37.598484304617166, 55.75767966871836], [37.598484304617166, 55.757672536873294], [37.5985002249945, 55.75767788575709], [37.59851614537184, 55.75767610279583], [37.598510838579394, 55.75768145167962], [37.59849491820206, 55.757683234640886]]]}, "properties": {"id": 45, "bound": true, "edge_id": 9, "ID": "{9eac3da1-e2e3-4bb5-8ce9-bf9bf0b3193b}", "na_obj": "\u0431/\u043d", "um_code": "-", "no_omk": "-", "ao": "\u0426\u0410\u041e", "rajon": "\u041f\u0440\u0435\u0441\u043d\u0435\u043d\u0441\u043a\u0438\u0439", "status": "\u0421\u0443\u0449\u0435\u0441\u0442\u0432\u0443\u044e\u0449\u0438\u0435", "length": 50.3, "type_uds": "\u0421\u044a\u0435\u0437\u0434", "rlane": "\u0414\u0430", "one_way": "\u0434\u0430", "kl_gp": "\u041c\u0430\u0433\u0438\u0441\u0442\u0440\u0430\u043b\u044c\u043d\u044b\u0435 \u0443\u043b\u0438\u0446\u044b \u043e\u0431\u0449\u0435\u0433\u043e\u0440\u043e\u0434\u0441\u043a\u043e\u0433\u043e \u0437\u043d\u0430\u0447\u0435\u043d\u0438\u044f II \u043a\u043b\u0430\u0441\u0441\u0430 \u0446\u0435\u043d\u0442\u0440\u0430", "class_active_2016": "-", "offer_2016": "-"}}, {"type": "Feature", "geometry": {"type": "Polygon", "coordinates": [[[37.600187784992166, 55.757699281292275], [37.600177171407275, 55.75769571536975], [37.60018247819972, 55.75769036648595], [37.60019839857706, 55.75769571536975], [37.60020901216195, 55.75769571536975], [37.600187784992166, 55.757699281292275]]]}, "properties": {"id": 46, "bound": true, "edge_id": 12, "ID": "{d5067311-abb6-4149-8cc1-1ae7654e318f}", "na_obj": "\u041b\u0435\u043e\u043d\u0442\u044c\u0435\u0432\u0441\u043a\u0438\u0439 \u043f\u0435\u0440\u0435\u0443\u043b\u043e\u043a", "um_code": "026390", "no_omk": "-", "ao": "\u0426\u0410\u041e", "rajon": "\u041f\u0440\u0435\u0441\u043d\u0435\u043d\u0441\u043a\u0438\u0439", "status": "\u0421\u0443\u0449\u0435\u0441\u0442\u0432\u0443\u044e\u0449\u0438\u0435", "length": 419.3, "type_uds": "\u041e\u0434\u043d\u0430 \u043f\u0440\u043e\u0435\u0437\u0436\u0430\u044f \u0447\u0430\u0441\u0442\u044c", "rlane": "\u0414\u0430", "one_way": "\u0434\u0430", "kl_gp": "\u041f\u0440\u043e\u0447\u0430\u044f \u0443\u043b\u0438\u0447\u043d\u043e-\u0434\u043e\u0440\u043e\u0436\u043d\u0430\u044f \u0441\u0435\u0442\u044c \u041c\u043e\u0441\u043a\u0432\u044b", "class_active_2016": "\u0423\u043b\u0438\u0446\u044b \u0438 \u0434\u043e\u0440\u043e\u0433\u0438 \u043c\u0435\u0441\u0442\u043d\u043e\u0433\u043e \u0437\u043d\u0430\u0447\u0435\u043d\u0438\u044f", "offer_2016": "\u0423\u043b\u0438\u0446\u044b \u0438 \u0434\u043e\u0440\u043e\u0433\u0438 \u043c\u0435\u0441\u0442\u043d\u043e\u0433\u043e \u0437\u043d\u0430\u0447\u0435\u043d\u0438\u044f"}}, {"type": "Feature", "geometry": {"type": "Polygon", "coordinates": [[[37.60029922763352, 55.75771176202114], [37.60029922763352, 55.757708196098605], [37.60027800046374, 55.757701064253546], [37.60031514801086, 55.75770641313734], [37.60029922763352, 55.75771176202114]]]}, "properties": {"id": 47, "bound": true, "edge_id": 12, "ID": "{d5067311-abb6-4149-8cc1-1ae7654e318f}", "na_obj": "\u041b\u0435\u043e\u043d\u0442\u044c\u0435\u0432\u0441\u043a\u0438\u0439 \u043f\u0435\u0440\u0435\u0443\u043b\u043e\u043a", "um_code": "026390", "no_omk": "-", "ao": "\u0426\u0410\u041e", "rajon": "\u041f\u0440\u0435\u0441\u043d\u0435\u043d\u0441\u043a\u0438\u0439", "status": "\u0421\u0443\u0449\u0435\u0441\u0442\u0432\u0443\u044e\u0449\u0438\u0435", "length": 419.3, "type_uds": "\u041e\u0434\u043d\u0430 \u043f\u0440\u043e\u0435\u0437\u0436\u0430\u044f \u0447\u0430\u0441\u0442\u044c", "rlane": "\u0414\u0430", "one_way": "\u0434\u0430", "kl_gp": "\u041f\u0440\u043e\u0447\u0430\u044f \u0443\u043b\u0438\u0447\u043d\u043e-\u0434\u043e\u0440\u043e\u0436\u043d\u0430\u044f \u0441\u0435\u0442\u044c \u041c\u043e\u0441\u043a\u0432\u044b", "class_active_2016": "\u0423\u043b\u0438\u0446\u044b \u0438 \u0434\u043e\u0440\u043e\u0433\u0438 \u043c\u0435\u0441\u0442\u043d\u043e\u0433\u043e \u0437\u043d\u0430\u0447\u0435\u043d\u0438\u044f", "offer_2016": "\u0423\u043b\u0438\u0446\u044b \u0438 \u0434\u043e\u0440\u043e\u0433\u0438 \u043c\u0435\u0441\u0442\u043d\u043e\u0433\u043e \u0437\u043d\u0430\u0447\u0435\u043d\u0438\u044f"}}, {"type": "Feature", "geometry": {"type": "Polygon", "coordinates": [[[37.59839408914559, 55.75772067682746], [37.5983834755607, 55.757717110904935], [37.59841000952293, 55.75770463017607], [37.59839939593804, 55.75771176202114], [37.598404702730484, 55.7577188938662], [37.59839408914559, 55.75772067682746]]]}, "properties": {"id": 48, "bound": true, "edge_id": 9, "ID": "{9eac3da1-e2e3-4bb5-8ce9-bf9bf0b3193b}", "na_obj": "\u0431/\u043d", "um_code": "-", "no_omk": "-", "ao": "\u0426\u0410\u041e", "rajon": "\u041f\u0440\u0435\u0441\u043d\u0435\u043d\u0441\u043a\u0438\u0439", "status": "\u0421\u0443\u0449\u0435\u0441\u0442\u0432\u0443\u044e\u0449\u0438\u0435", "length": 50.3, "type_uds": "\u0421\u044a\u0435\u0437\u0434", "rlane": "\u0414\u0430", "one_way": "\u0434\u0430", "kl_gp": "\u041c\u0430\u0433\u0438\u0441\u0442\u0440\u0430\u043b\u044c\u043d\u044b\u0435 \u0443\u043b\u0438\u0446\u044b \u043e\u0431\u0449\u0435\u0433\u043e\u0440\u043e\u0434\u0441\u043a\u043e\u0433\u043e \u0437\u043d\u0430\u0447\u0435\u043d\u0438\u044f II \u043a\u043b\u0430\u0441\u0441\u0430 \u0446\u0435\u043d\u0442\u0440\u0430", "class_active_2016": "-", "offer_2016": "-"}}, {"type": "Feature", "geometry": {"type": "Polygon", "coordinates": [[[37.59883455291857, 55.7577188938662], [37.59883455291857, 55.757715327943664], [37.598861086880795, 55.7577135449824], [37.598871700465686, 55.757717110904935], [37.598861086880795, 55.75772067682746], [37.59883455291857, 55.7577188938662]]]}, "properties": {"id": 49, "bound": true, "edge_id": 13, "ID": "{c30422c2-1875-4088-8053-02cad544b8ed}", "na_obj": "\u0422\u0432\u0435\u0440\u0441\u043a\u043e\u0439 \u0431\u0443\u043b\u044c\u0432\u0430\u0440", "um_code": "027730", "no_omk": "-", "ao": "\u0426\u0410\u041e", "rajon": "\u041f\u0440\u0435\u0441\u043d\u0435\u043d\u0441\u043a\u0438\u0439", "status": "\u0421\u0443\u0449\u0435\u0441\u0442\u0432\u0443\u044e\u0449\u0438\u0435", "length": 492.2, "type_uds": "\u041d\u0430\u043f\u0440\u0430\u0432\u043b\u0435\u043d\u0438\u0435 1", "rlane": "\u0414\u0430", "one_way": "\u0434\u0430", "kl_gp": "\u041c\u0430\u0433\u0438\u0441\u0442\u0440\u0430\u043b\u044c\u043d\u044b\u0435 \u0443\u043b\u0438\u0446\u044b \u043e\u0431\u0449\u0435\u0433\u043e\u0440\u043e\u0434\u0441\u043a\u043e\u0433\u043e \u0437\u043d\u0430\u0447\u0435\u043d\u0438\u044f II \u043a\u043b\u0430\u0441\u0441\u0430 \u0446\u0435\u043d\u0442\u0440\u0430", "class_active_2016": "\u041c\u0430\u0433\u0438\u0441\u0442\u0440\u0430\u043b\u044c\u043d\u044b\u0435 \u0443\u043b\u0438\u0446\u044b \u043e\u0431\u0449\u0435\u0433\u043e\u0440\u043e\u0434\u0441\u043a\u043e\u0433\u043e \u0437\u043d\u0430\u0447\u0435\u043d\u0438\u044f 3-\u0433\u043e \u043a\u043b\u0430\u0441\u0441\u0430 - \u0440\u0435\u0433\u0443\u043b\u0438\u0440\u0443\u0435\u043c\u043e\u0433\u043e \u0434\u0432\u0438\u0436\u0435\u043d\u0438\u044f", "offer_2016": "\u041c\u0430\u0433\u0438\u0441\u0442\u0440\u0430\u043b\u044c\u043d\u044b\u0435 \u0443\u043b\u0438\u0446\u044b \u043e\u0431\u0449\u0435\u0433\u043e\u0440\u043e\u0434\u0441\u043a\u043e\u0433\u043e \u0437\u043d\u0430\u0447\u0435\u043d\u0438\u044f 3-\u0433\u043e \u043a\u043b\u0430\u0441\u0441\u0430 - \u0440\u0435\u0433\u0443\u043b\u0438\u0440\u0443\u0435\u043c\u043e\u0433\u043e \u0434\u0432\u0438\u0436\u0435\u043d\u0438\u044f"}}, {"type": "Feature", "geometry": {"type": "Polygon", "coordinates": [[[37.600362909142866, 55.75772959163379], [37.60036821593531, 55.757724242749994], [37.6003788295202, 55.75772067682746], [37.600389443105094, 55.757724242749994], [37.60037352272776, 55.75772959163379], [37.600362909142866, 55.75772959163379]]]}, "properties": {"id": 50, "bound": true, "edge_id": 12, "ID": "{d5067311-abb6-4149-8cc1-1ae7654e318f}", "na_obj": "\u041b\u0435\u043e\u043d\u0442\u044c\u0435\u0432\u0441\u043a\u0438\u0439 \u043f\u0435\u0440\u0435\u0443\u043b\u043e\u043a", "um_code": "026390", "no_omk": "-", "ao": "\u0426\u0410\u041e", "rajon": "\u041f\u0440\u0435\u0441\u043d\u0435\u043d\u0441\u043a\u0438\u0439", "status": "\u0421\u0443\u0449\u0435\u0441\u0442\u0432\u0443\u044e\u0449\u0438\u0435", "length": 419.3, "type_uds": "\u041e\u0434\u043d\u0430 \u043f\u0440\u043e\u0435\u0437\u0436\u0430\u044f \u0447\u0430\u0441\u0442\u044c", "rlane": "\u0414\u0430", "one_way": "\u0434\u0430", "kl_gp": "\u041f\u0440\u043e\u0447\u0430\u044f \u0443\u043b\u0438\u0447\u043d\u043e-\u0434\u043e\u0440\u043e\u0436\u043d\u0430\u044f \u0441\u0435\u0442\u044c \u041c\u043e\u0441\u043a\u0432\u044b", "class_active_2016": "\u0423\u043b\u0438\u0446\u044b \u0438 \u0434\u043e\u0440\u043e\u0433\u0438 \u043c\u0435\u0441\u0442\u043d\u043e\u0433\u043e \u0437\u043d\u0430\u0447\u0435\u043d\u0438\u044f", "offer_2016": "\u0423\u043b\u0438\u0446\u044b \u0438 \u0434\u043e\u0440\u043e\u0433\u0438 \u043c\u0435\u0441\u0442\u043d\u043e\u0433\u043e \u0437\u043d\u0430\u0447\u0435\u043d\u0438\u044f"}}, {"type": "Feature", "geometry": {"type": "Polygon", "coordinates": [[[37.59937053895556, 55.7577705997429], [37.59935992537067, 55.757767033820365], [37.599365232163116, 55.75776168493657], [37.59938115254045, 55.757767033820365], [37.59937053895556, 55.7577705997429]]]}, "properties": {"id": 51, "bound": true, "edge_id": 7, "ID": "{77dc09a4-d7ce-48c3-b67d-f7f1256d802f}", "na_obj": "\u041d\u0438\u043a\u0438\u0442\u0441\u043a\u0430\u044f \u0411\u043e\u043b\u044c\u0448\u0430\u044f \u0443\u043b\u0438\u0446\u0430", "um_code": "004730", "no_omk": "-", "ao": "\u0426\u0410\u041e", "rajon": "\u041f\u0440\u0435\u0441\u043d\u0435\u043d\u0441\u043a\u0438\u0439", "status": "\u0421\u0443\u0449\u0435\u0441\u0442\u0432\u0443\u044e\u0449\u0438\u0435", "length": 68.2, "type_uds": "\u041e\u0434\u043d\u0430 \u043f\u0440\u043e\u0435\u0437\u0436\u0430\u044f \u0447\u0430\u0441\u0442\u044c", "rlane": "\u0414\u0430", "one_way": "\u043d\u0435\u0442", "kl_gp": "\u041c\u0430\u0433\u0438\u0441\u0442\u0440\u0430\u043b\u044c\u043d\u044b\u0435 \u0443\u043b\u0438\u0446\u044b \u043e\u0431\u0449\u0435\u0433\u043e\u0440\u043e\u0434\u0441\u043a\u043e\u0433\u043e \u0437\u043d\u0430\u0447\u0435\u043d\u0438\u044f II \u043a\u043b\u0430\u0441\u0441\u0430 \u0446\u0435\u043d\u0442\u0440\u0430", "class_active_2016": "\u041c\u0430\u0433\u0438\u0441\u0442\u0440\u0430\u043b\u044c\u043d\u044b\u0435 \u0443\u043b\u0438\u0446\u044b \u0440\u0430\u0439\u043e\u043d\u043d\u043e\u0433\u043e \u0437\u043d\u0430\u0447\u0435\u043d\u0438\u044f", "offer_2016": "\u041c\u0430\u0433\u0438\u0441\u0442\u0440\u0430\u043b\u044c\u043d\u044b\u0435 \u0443\u043b\u0438\u0446\u044b \u0440\u0430\u0439\u043e\u043d\u043d\u043e\u0433\u043e \u0437\u043d\u0430\u0447\u0435\u043d\u0438\u044f"}}, {"type": "Feature", "geometry": {"type": "Polygon", "coordinates": [[[37.60004980838858, 55.75777773158796], [37.60003919480369, 55.75777416566543], [37.60004450159614, 55.7577652508591], [37.600060421973474, 55.7577705997429], [37.60004980838858, 55.75777773158796]]]}, "properties": {"id": 52, "bound": true, "edge_id": 12, "ID": "{d5067311-abb6-4149-8cc1-1ae7654e318f}", "na_obj": "\u041b\u0435\u043e\u043d\u0442\u044c\u0435\u0432\u0441\u043a\u0438\u0439 \u043f\u0435\u0440\u0435\u0443\u043b\u043e\u043a", "um_code": "026390", "no_omk": "-", "ao": "\u0426\u0410\u041e", "rajon": "\u041f\u0440\u0435\u0441\u043d\u0435\u043d\u0441\u043a\u0438\u0439", "status": "\u0421\u0443\u0449\u0435\u0441\u0442\u0432\u0443\u044e\u0449\u0438\u0435", "length": 419.3, "type_uds": "\u041e\u0434\u043d\u0430 \u043f\u0440\u043e\u0435\u0437\u0436\u0430\u044f \u0447\u0430\u0441\u0442\u044c", "rlane": "\u0414\u0430", "one_way": "\u0434\u0430", "kl_gp": "\u041f\u0440\u043e\u0447\u0430\u044f \u0443\u043b\u0438\u0447\u043d\u043e-\u0434\u043e\u0440\u043e\u0436\u043d\u0430\u044f \u0441\u0435\u0442\u044c \u041c\u043e\u0441\u043a\u0432\u044b", "class_active_2016": "\u0423\u043b\u0438\u0446\u044b \u0438 \u0434\u043e\u0440\u043e\u0433\u0438 \u043c\u0435\u0441\u0442\u043d\u043e\u0433\u043e \u0437\u043d\u0430\u0447\u0435\u043d\u0438\u044f", "offer_2016": "\u0423\u043b\u0438\u0446\u044b \u0438 \u0434\u043e\u0440\u043e\u0433\u0438 \u043c\u0435\u0441\u0442\u043d\u043e\u0433\u043e \u0437\u043d\u0430\u0447\u0435\u043d\u0438\u044f"}}, {"type": "Feature", "geometry": {"type": "Polygon", "coordinates": [[[37.60011348989793, 55.75777773158796], [37.600129410275265, 55.757775948626694], [37.600129410275265, 55.7577652508591], [37.60010818310548, 55.75775811901404], [37.60009756952059, 55.75776168493657], [37.600081649143256, 55.757759901975305], [37.60011348989793, 55.75775633605277], [37.60013471706771, 55.75776346789784], [37.600129410275265, 55.75778129751049], [37.60011348989793, 55.75777773158796]]]}, "properties": {"id": 53, "bound": true, "edge_id": 12, "ID": "{d5067311-abb6-4149-8cc1-1ae7654e318f}", "na_obj": "\u041b\u0435\u043e\u043d\u0442\u044c\u0435\u0432\u0441\u043a\u0438\u0439 \u043f\u0435\u0440\u0435\u0443\u043b\u043e\u043a", "um_code": "026390", "no_omk": "-", "ao": "\u0426\u0410\u041e", "rajon": "\u041f\u0440\u0435\u0441\u043d\u0435\u043d\u0441\u043a\u0438\u0439", "status": "\u0421\u0443\u0449\u0435\u0441\u0442\u0432\u0443\u044e\u0449\u0438\u0435", "length": 419.3, "type_uds": "\u041e\u0434\u043d\u0430 \u043f\u0440\u043e\u0435\u0437\u0436\u0430\u044f \u0447\u0430\u0441\u0442\u044c", "rlane": "\u0414\u0430", "one_way": "\u0434\u0430", "kl_gp": "\u041f\u0440\u043e\u0447\u0430\u044f \u0443\u043b\u0438\u0447\u043d\u043e-\u0434\u043e\u0440\u043e\u0436\u043d\u0430\u044f \u0441\u0435\u0442\u044c \u041c\u043e\u0441\u043a\u0432\u044b", "class_active_2016": "\u0423\u043b\u0438\u0446\u044b \u0438 \u0434\u043e\u0440\u043e\u0433\u0438 \u043c\u0435\u0441\u0442\u043d\u043e\u0433\u043e \u0437\u043d\u0430\u0447\u0435\u043d\u0438\u044f", "offer_2016": "\u0423\u043b\u0438\u0446\u044b \u0438 \u0434\u043e\u0440\u043e\u0433\u0438 \u043c\u0435\u0441\u0442\u043d\u043e\u0433\u043e \u0437\u043d\u0430\u0447\u0435\u043d\u0438\u044f"}}, {"type": "Feature", "geometry": {"type": "Polygon", "coordinates": [[[37.600362909142866, 55.75778664639429], [37.60036821593531, 55.75778129751049], [37.6003788295202, 55.75777773158796], [37.600389443105094, 55.75778129751049], [37.60037352272776, 55.75778664639429], [37.600362909142866, 55.75778664639429]]]}, "properties": {"id": 54, "bound": true, "edge_id": 12, "ID": "{d5067311-abb6-4149-8cc1-1ae7654e318f}", "na_obj": "\u041b\u0435\u043e\u043d\u0442\u044c\u0435\u0432\u0441\u043a\u0438\u0439 \u043f\u0435\u0440\u0435\u0443\u043b\u043e\u043a", "um_code": "026390", "no_omk": "-", "ao": "\u0426\u0410\u041e", "rajon": "\u041f\u0440\u0435\u0441\u043d\u0435\u043d\u0441\u043a\u0438\u0439", "status": "\u0421\u0443\u0449\u0435\u0441\u0442\u0432\u0443\u044e\u0449\u0438\u0435", "length": 419.3, "type_uds": "\u041e\u0434\u043d\u0430 \u043f\u0440\u043e\u0435\u0437\u0436\u0430\u044f \u0447\u0430\u0441\u0442\u044c", "rlane": "\u0414\u0430", "one_way": "\u0434\u0430", "kl_gp": "\u041f\u0440\u043e\u0447\u0430\u044f \u0443\u043b\u0438\u0447\u043d\u043e-\u0434\u043e\u0440\u043e\u0436\u043d\u0430\u044f \u0441\u0435\u0442\u044c \u041c\u043e\u0441\u043a\u0432\u044b", "class_active_2016": "\u0423\u043b\u0438\u0446\u044b \u0438 \u0434\u043e\u0440\u043e\u0433\u0438 \u043c\u0435\u0441\u0442\u043d\u043e\u0433\u043e \u0437\u043d\u0430\u0447\u0435\u043d\u0438\u044f", "offer_2016": "\u0423\u043b\u0438\u0446\u044b \u0438 \u0434\u043e\u0440\u043e\u0433\u0438 \u043c\u0435\u0441\u0442\u043d\u043e\u0433\u043e \u0437\u043d\u0430\u0447\u0435\u043d\u0438\u044f"}}, {"type": "Feature", "geometry": {"type": "Polygon", "coordinates": [[[37.60027800046374, 55.75778664639429], [37.600283307256184, 55.75778129751049], [37.600293920841075, 55.75777773158796], [37.600304534425966, 55.75778129751049], [37.60028861404863, 55.75778664639429], [37.60027800046374, 55.75778664639429]]]}, "properties": {"id": 55, "bound": true, "edge_id": 12, "ID": "{d5067311-abb6-4149-8cc1-1ae7654e318f}", "na_obj": "\u041b\u0435\u043e\u043d\u0442\u044c\u0435\u0432\u0441\u043a\u0438\u0439 \u043f\u0435\u0440\u0435\u0443\u043b\u043e\u043a", "um_code": "026390", "no_omk": "-", "ao": "\u0426\u0410\u041e", "rajon": "\u041f\u0440\u0435\u0441\u043d\u0435\u043d\u0441\u043a\u0438\u0439", "status": "\u0421\u0443\u0449\u0435\u0441\u0442\u0432\u0443\u044e\u0449\u0438\u0435", "length": 419.3, "type_uds": "\u041e\u0434\u043d\u0430 \u043f\u0440\u043e\u0435\u0437\u0436\u0430\u044f \u0447\u0430\u0441\u0442\u044c", "rlane": "\u0414\u0430", "one_way": "\u0434\u0430", "kl_gp": "\u041f\u0440\u043e\u0447\u0430\u044f \u0443\u043b\u0438\u0447\u043d\u043e-\u0434\u043e\u0440\u043e\u0436\u043d\u0430\u044f \u0441\u0435\u0442\u044c \u041c\u043e\u0441\u043a\u0432\u044b", "class_active_2016": "\u0423\u043b\u0438\u0446\u044b \u0438 \u0434\u043e\u0440\u043e\u0433\u0438 \u043c\u0435\u0441\u0442\u043d\u043e\u0433\u043e \u0437\u043d\u0430\u0447\u0435\u043d\u0438\u044f", "offer_2016": "\u0423\u043b\u0438\u0446\u044b \u0438 \u0434\u043e\u0440\u043e\u0433\u0438 \u043c\u0435\u0441\u0442\u043d\u043e\u0433\u043e \u0437\u043d\u0430\u0447\u0435\u043d\u0438\u044f"}}, {"type": "Feature", "geometry": {"type": "Polygon", "coordinates": [[[37.60017186461483, 55.75783656930972], [37.60015594423749, 55.75783122042592], [37.600166557822384, 55.75782408858086], [37.60018247819972, 55.75783300338719], [37.60017186461483, 55.75783656930972]]]}, "properties": {"id": 56, "bound": true, "edge_id": 12, "ID": "{d5067311-abb6-4149-8cc1-1ae7654e318f}", "na_obj": "\u041b\u0435\u043e\u043d\u0442\u044c\u0435\u0432\u0441\u043a\u0438\u0439 \u043f\u0435\u0440\u0435\u0443\u043b\u043e\u043a", "um_code": "026390", "no_omk": "-", "ao": "\u0426\u0410\u041e", "rajon": "\u041f\u0440\u0435\u0441\u043d\u0435\u043d\u0441\u043a\u0438\u0439", "status": "\u0421\u0443\u0449\u0435\u0441\u0442\u0432\u0443\u044e\u0449\u0438\u0435", "length": 419.3, "type_uds": "\u041e\u0434\u043d\u0430 \u043f\u0440\u043e\u0435\u0437\u0436\u0430\u044f \u0447\u0430\u0441\u0442\u044c", "rlane": "\u0414\u0430", "one_way": "\u0434\u0430", "kl_gp": "\u041f\u0440\u043e\u0447\u0430\u044f \u0443\u043b\u0438\u0447\u043d\u043e-\u0434\u043e\u0440\u043e\u0436\u043d\u0430\u044f \u0441\u0435\u0442\u044c \u041c\u043e\u0441\u043a\u0432\u044b", "class_active_2016": "\u0423\u043b\u0438\u0446\u044b \u0438 \u0434\u043e\u0440\u043e\u0433\u0438 \u043c\u0435\u0441\u0442\u043d\u043e\u0433\u043e \u0437\u043d\u0430\u0447\u0435\u043d\u0438\u044f", "offer_2016": "\u0423\u043b\u0438\u0446\u044b \u0438 \u0434\u043e\u0440\u043e\u0433\u0438 \u043c\u0435\u0441\u0442\u043d\u043e\u0433\u043e \u0437\u043d\u0430\u0447\u0435\u043d\u0438\u044f"}}, {"type": "Feature", "geometry": {"type": "Polygon", "coordinates": [[[37.6002037053695, 55.75784370115478], [37.60019839857706, 55.757834786348454], [37.60021431895439, 55.75783300338719], [37.60021962574684, 55.75783835227099], [37.6002037053695, 55.75784370115478]]]}, "properties": {"id": 57, "bound": true, "edge_id": 12, "ID": "{d5067311-abb6-4149-8cc1-1ae7654e318f}", "na_obj": "\u041b\u0435\u043e\u043d\u0442\u044c\u0435\u0432\u0441\u043a\u0438\u0439 \u043f\u0435\u0440\u0435\u0443\u043b\u043e\u043a", "um_code": "026390", "no_omk": "-", "ao": "\u0426\u0410\u041e", "rajon": "\u041f\u0440\u0435\u0441\u043d\u0435\u043d\u0441\u043a\u0438\u0439", "status": "\u0421\u0443\u0449\u0435\u0441\u0442\u0432\u0443\u044e\u0449\u0438\u0435", "length": 419.3, "type_uds": "\u041e\u0434\u043d\u0430 \u043f\u0440\u043e\u0435\u0437\u0436\u0430\u044f \u0447\u0430\u0441\u0442\u044c", "rlane": "\u0414\u0430", "one_way": "\u0434\u0430", "kl_gp": "\u041f\u0440\u043e\u0447\u0430\u044f \u0443\u043b\u0438\u0447\u043d\u043e-\u0434\u043e\u0440\u043e\u0436\u043d\u0430\u044f \u0441\u0435\u0442\u044c \u041c\u043e\u0441\u043a\u0432\u044b", "class_active_2016": "\u0423\u043b\u0438\u0446\u044b \u0438 \u0434\u043e\u0440\u043e\u0433\u0438 \u043c\u0435\u0441\u0442\u043d\u043e\u0433\u043e \u0437\u043d\u0430\u0447\u0435\u043d\u0438\u044f", "offer_2016": "\u0423\u043b\u0438\u0446\u044b \u0438 \u0434\u043e\u0440\u043e\u0433\u0438 \u043c\u0435\u0441\u0442\u043d\u043e\u0433\u043e \u0437\u043d\u0430\u0447\u0435\u043d\u0438\u044f"}}, {"type": "Feature", "geometry": {"type": "Polygon", "coordinates": [[[37.59911050612573, 55.75784013523225], [37.59911050612573, 55.75783300338719], [37.59908927895595, 55.757825871542124], [37.5990945857484, 55.75782052265833], [37.59911050612573, 55.757818739697065], [37.59909989254084, 55.7578223056196], [37.59911581291818, 55.757834786348454], [37.59911050612573, 55.75784013523225]]]}, "properties": {"id": 58, "bound": true, "edge_id": 13, "ID": "{c30422c2-1875-4088-8053-02cad544b8ed}", "na_obj": "\u0422\u0432\u0435\u0440\u0441\u043a\u043e\u0439 \u0431\u0443\u043b\u044c\u0432\u0430\u0440", "um_code": "027730", "no_omk": "-", "ao": "\u0426\u0410\u041e", "rajon": "\u041f\u0440\u0435\u0441\u043d\u0435\u043d\u0441\u043a\u0438\u0439", "status": "\u0421\u0443\u0449\u0435\u0441\u0442\u0432\u0443\u044e\u0449\u0438\u0435", "length": 492.2, "type_uds": "\u041d\u0430\u043f\u0440\u0430\u0432\u043b\u0435\u043d\u0438\u0435 1", "rlane": "\u0414\u0430", "one_way": "\u0434\u0430", "kl_gp": "\u041c\u0430\u0433\u0438\u0441\u0442\u0440\u0430\u043b\u044c\u043d\u044b\u0435 \u0443\u043b\u0438\u0446\u044b \u043e\u0431\u0449\u0435\u0433\u043e\u0440\u043e\u0434\u0441\u043a\u043e\u0433\u043e \u0437\u043d\u0430\u0447\u0435\u043d\u0438\u044f II \u043a\u043b\u0430\u0441\u0441\u0430 \u0446\u0435\u043d\u0442\u0440\u0430", "class_active_2016": "\u041c\u0430\u0433\u0438\u0441\u0442\u0440\u0430\u043b\u044c\u043d\u044b\u0435 \u0443\u043b\u0438\u0446\u044b \u043e\u0431\u0449\u0435\u0433\u043e\u0440\u043e\u0434\u0441\u043a\u043e\u0433\u043e \u0437\u043d\u0430\u0447\u0435\u043d\u0438\u044f 3-\u0433\u043e \u043a\u043b\u0430\u0441\u0441\u0430 - \u0440\u0435\u0433\u0443\u043b\u0438\u0440\u0443\u0435\u043c\u043e\u0433\u043e \u0434\u0432\u0438\u0436\u0435\u043d\u0438\u044f", "offer_2016": "\u041c\u0430\u0433\u0438\u0441\u0442\u0440\u0430\u043b\u044c\u043d\u044b\u0435 \u0443\u043b\u0438\u0446\u044b \u043e\u0431\u0449\u0435\u0433\u043e\u0440\u043e\u0434\u0441\u043a\u043e\u0433\u043e \u0437\u043d\u0430\u0447\u0435\u043d\u0438\u044f 3-\u0433\u043e \u043a\u043b\u0430\u0441\u0441\u0430 - \u0440\u0435\u0433\u0443\u043b\u0438\u0440\u0443\u0435\u043c\u043e\u0433\u043e \u0434\u0432\u0438\u0436\u0435\u043d\u0438\u044f"}}, {"type": "Feature", "geometry": {"type": "Polygon", "coordinates": [[[37.60037352272776, 55.75784370115478], [37.60036821593531, 55.75783835227099], [37.6003788295202, 55.757834786348454], [37.600389443105094, 55.75783835227099], [37.60037352272776, 55.75784370115478]]]}, "properties": {"id": 59, "bound": true, "edge_id": 12, "ID": "{d5067311-abb6-4149-8cc1-1ae7654e318f}", "na_obj": "\u041b\u0435\u043e\u043d\u0442\u044c\u0435\u0432\u0441\u043a\u0438\u0439 \u043f\u0435\u0440\u0435\u0443\u043b\u043e\u043a", "um_code": "026390", "no_omk": "-", "ao": "\u0426\u0410\u041e", "rajon": "\u041f\u0440\u0435\u0441\u043d\u0435\u043d\u0441\u043a\u0438\u0439", "status": "\u0421\u0443\u0449\u0435\u0441\u0442\u0432\u0443\u044e\u0449\u0438\u0435", "length": 419.3, "type_uds": "\u041e\u0434\u043d\u0430 \u043f\u0440\u043e\u0435\u0437\u0436\u0430\u044f \u0447\u0430\u0441\u0442\u044c", "rlane": "\u0414\u0430", "one_way": "\u0434\u0430", "kl_gp": "\u041f\u0440\u043e\u0447\u0430\u044f \u0443\u043b\u0438\u0447\u043d\u043e-\u0434\u043e\u0440\u043e\u0436\u043d\u0430\u044f \u0441\u0435\u0442\u044c \u041c\u043e\u0441\u043a\u0432\u044b", "class_active_2016": "\u0423\u043b\u0438\u0446\u044b \u0438 \u0434\u043e\u0440\u043e\u0433\u0438 \u043c\u0435\u0441\u0442\u043d\u043e\u0433\u043e \u0437\u043d\u0430\u0447\u0435\u043d\u0438\u044f", "offer_2016": "\u0423\u043b\u0438\u0446\u044b \u0438 \u0434\u043e\u0440\u043e\u0433\u0438 \u043c\u0435\u0441\u0442\u043d\u043e\u0433\u043e \u0437\u043d\u0430\u0447\u0435\u043d\u0438\u044f"}}, {"type": "Feature", "geometry": {"type": "Polygon", "coordinates": [[[37.60011348989793, 55.75784905003858], [37.60010818310548, 55.75784370115478], [37.60012410348282, 55.75782943746466], [37.600118796690374, 55.757825871542124], [37.60013471706771, 55.75782408858086], [37.60012410348282, 55.757827654503394], [37.60013471706771, 55.75783122042592], [37.60012410348282, 55.75783656930972], [37.600129410275265, 55.75784013523225], [37.60011348989793, 55.75784905003858]]]}, "properties": {"id": 60, "bound": true, "edge_id": 12, "ID": "{d5067311-abb6-4149-8cc1-1ae7654e318f}", "na_obj": "\u041b\u0435\u043e\u043d\u0442\u044c\u0435\u0432\u0441\u043a\u0438\u0439 \u043f\u0435\u0440\u0435\u0443\u043b\u043e\u043a", "um_code": "026390", "no_omk": "-", "ao": "\u0426\u0410\u041e", "rajon": "\u041f\u0440\u0435\u0441\u043d\u0435\u043d\u0441\u043a\u0438\u0439", "status": "\u0421\u0443\u0449\u0435\u0441\u0442\u0432\u0443\u044e\u0449\u0438\u0435", "length": 419.3, "type_uds": "\u041e\u0434\u043d\u0430 \u043f\u0440\u043e\u0435\u0437\u0436\u0430\u044f \u0447\u0430\u0441\u0442\u044c", "rlane": "\u0414\u0430", "one_way": "\u0434\u0430", "kl_gp": "\u041f\u0440\u043e\u0447\u0430\u044f \u0443\u043b\u0438\u0447\u043d\u043e-\u0434\u043e\u0440\u043e\u0436\u043d\u0430\u044f \u0441\u0435\u0442\u044c \u041c\u043e\u0441\u043a\u0432\u044b", "class_active_2016": "\u0423\u043b\u0438\u0446\u044b \u0438 \u0434\u043e\u0440\u043e\u0433\u0438 \u043c\u0435\u0441\u0442\u043d\u043e\u0433\u043e \u0437\u043d\u0430\u0447\u0435\u043d\u0438\u044f", "offer_2016": "\u0423\u043b\u0438\u0446\u044b \u0438 \u0434\u043e\u0440\u043e\u0433\u0438 \u043c\u0435\u0441\u0442\u043d\u043e\u0433\u043e \u0437\u043d\u0430\u0447\u0435\u043d\u0438\u044f"}}, {"type": "Feature", "geometry": {"type": "Polygon", "coordinates": [[[37.60019839857706, 55.757854398922376], [37.60021431895439, 55.75785083299984], [37.60023023933173, 55.75785618188364], [37.60021431895439, 55.757861530767435], [37.60019839857706, 55.757854398922376]]]}, "properties": {"id": 61, "bound": true, "edge_id": 12, "ID": "{d5067311-abb6-4149-8cc1-1ae7654e318f}", "na_obj": "\u041b\u0435\u043e\u043d\u0442\u044c\u0435\u0432\u0441\u043a\u0438\u0439 \u043f\u0435\u0440\u0435\u0443\u043b\u043e\u043a", "um_code": "026390", "no_omk": "-", "ao": "\u0426\u0410\u041e", "rajon": "\u041f\u0440\u0435\u0441\u043d\u0435\u043d\u0441\u043a\u0438\u0439", "status": "\u0421\u0443\u0449\u0435\u0441\u0442\u0432\u0443\u044e\u0449\u0438\u0435", "length": 419.3, "type_uds": "\u041e\u0434\u043d\u0430 \u043f\u0440\u043e\u0435\u0437\u0436\u0430\u044f \u0447\u0430\u0441\u0442\u044c", "rlane": "\u0414\u0430", "one_way": "\u0434\u0430", "kl_gp": "\u041f\u0440\u043e\u0447\u0430\u044f \u0443\u043b\u0438\u0447\u043d\u043e-\u0434\u043e\u0440\u043e\u0436\u043d\u0430\u044f \u0441\u0435\u0442\u044c \u041c\u043e\u0441\u043a\u0432\u044b", "class_active_2016": "\u0423\u043b\u0438\u0446\u044b \u0438 \u0434\u043e\u0440\u043e\u0433\u0438 \u043c\u0435\u0441\u0442\u043d\u043e\u0433\u043e \u0437\u043d\u0430\u0447\u0435\u043d\u0438\u044f", "offer_2016": "\u0423\u043b\u0438\u0446\u044b \u0438 \u0434\u043e\u0440\u043e\u0433\u0438 \u043c\u0435\u0441\u0442\u043d\u043e\u0433\u043e \u0437\u043d\u0430\u0447\u0435\u043d\u0438\u044f"}}, {"type": "Feature", "geometry": {"type": "Polygon", "coordinates": [[[37.60010818310548, 55.75787222853503], [37.600118796690374, 55.7578686626125], [37.600129410275265, 55.757861530767435], [37.60013471706771, 55.75786687965123], [37.600118796690374, 55.75787222853503], [37.60010818310548, 55.75787222853503]]]}, "properties": {"id": 62, "bound": true, "edge_id": 12, "ID": "{d5067311-abb6-4149-8cc1-1ae7654e318f}", "na_obj": "\u041b\u0435\u043e\u043d\u0442\u044c\u0435\u0432\u0441\u043a\u0438\u0439 \u043f\u0435\u0440\u0435\u0443\u043b\u043e\u043a", "um_code": "026390", "no_omk": "-", "ao": "\u0426\u0410\u041e", "rajon": "\u041f\u0440\u0435\u0441\u043d\u0435\u043d\u0441\u043a\u0438\u0439", "status": "\u0421\u0443\u0449\u0435\u0441\u0442\u0432\u0443\u044e\u0449\u0438\u0435", "length": 419.3, "type_uds": "\u041e\u0434\u043d\u0430 \u043f\u0440\u043e\u0435\u0437\u0436\u0430\u044f \u0447\u0430\u0441\u0442\u044c", "rlane": "\u0414\u0430", "one_way": "\u0434\u0430", "kl_gp": "\u041f\u0440\u043e\u0447\u0430\u044f \u0443\u043b\u0438\u0447\u043d\u043e-\u0434\u043e\u0440\u043e\u0436\u043d\u0430\u044f \u0441\u0435\u0442\u044c \u041c\u043e\u0441\u043a\u0432\u044b", "class_active_2016": "\u0423\u043b\u0438\u0446\u044b \u0438 \u0434\u043e\u0440\u043e\u0433\u0438 \u043c\u0435\u0441\u0442\u043d\u043e\u0433\u043e \u0437\u043d\u0430\u0447\u0435\u043d\u0438\u044f", "offer_2016": "\u0423\u043b\u0438\u0446\u044b \u0438 \u0434\u043e\u0440\u043e\u0433\u0438 \u043c\u0435\u0441\u0442\u043d\u043e\u0433\u043e \u0437\u043d\u0430\u0447\u0435\u043d\u0438\u044f"}}, {"type": "Feature", "geometry": {"type": "Polygon", "coordinates": [[[37.60015063744505, 55.75789362407021], [37.60016125102994, 55.75789005814769], [37.60015594423749, 55.757877577418824], [37.60017186461483, 55.757886492225154], [37.600166557822384, 55.75789184110895], [37.60015063744505, 55.75789362407021]]]}, "properties": {"id": 63, "bound": true, "edge_id": 12, "ID": "{d5067311-abb6-4149-8cc1-1ae7654e318f}", "na_obj": "\u041b\u0435\u043e\u043d\u0442\u044c\u0435\u0432\u0441\u043a\u0438\u0439 \u043f\u0435\u0440\u0435\u0443\u043b\u043e\u043a", "um_code": "026390", "no_omk": "-", "ao": "\u0426\u0410\u041e", "rajon": "\u041f\u0440\u0435\u0441\u043d\u0435\u043d\u0441\u043a\u0438\u0439", "status": "\u0421\u0443\u0449\u0435\u0441\u0442\u0432\u0443\u044e\u0449\u0438\u0435", "length": 419.3, "type_uds": "\u041e\u0434\u043d\u0430 \u043f\u0440\u043e\u0435\u0437\u0436\u0430\u044f \u0447\u0430\u0441\u0442\u044c", "rlane": "\u0414\u0430", "one_way": "\u0434\u0430", "kl_gp": "\u041f\u0440\u043e\u0447\u0430\u044f \u0443\u043b\u0438\u0447\u043d\u043e-\u0434\u043e\u0440\u043e\u0436\u043d\u0430\u044f \u0441\u0435\u0442\u044c \u041c\u043e\u0441\u043a\u0432\u044b", "class_active_2016": "\u0423\u043b\u0438\u0446\u044b \u0438 \u0434\u043e\u0440\u043e\u0433\u0438 \u043c\u0435\u0441\u0442\u043d\u043e\u0433\u043e \u0437\u043d\u0430\u0447\u0435\u043d\u0438\u044f", "offer_2016": "\u0423\u043b\u0438\u0446\u044b \u0438 \u0434\u043e\u0440\u043e\u0433\u0438 \u043c\u0435\u0441\u0442\u043d\u043e\u0433\u043e \u0437\u043d\u0430\u0447\u0435\u043d\u0438\u044f"}}, {"type": "Feature", "geometry": {"type": "Polygon", "coordinates": [[[37.60025677329396, 55.757904321837806], [37.60024085291662, 55.75789897295401], [37.600235546124175, 55.75789184110895], [37.60025677329396, 55.75788827518642], [37.60025146650151, 55.75789184110895], [37.60026738687885, 55.75790075591528], [37.60025677329396, 55.757904321837806]]]}, "properties": {"id": 64, "bound": true, "edge_id": 12, "ID": "{d5067311-abb6-4149-8cc1-1ae7654e318f}", "na_obj": "\u041b\u0435\u043e\u043d\u0442\u044c\u0435\u0432\u0441\u043a\u0438\u0439 \u043f\u0435\u0440\u0435\u0443\u043b\u043e\u043a", "um_code": "026390", "no_omk": "-", "ao": "\u0426\u0410\u041e", "rajon": "\u041f\u0440\u0435\u0441\u043d\u0435\u043d\u0441\u043a\u0438\u0439", "status": "\u0421\u0443\u0449\u0435\u0441\u0442\u0432\u0443\u044e\u0449\u0438\u0435", "length": 419.3, "type_uds": "\u041e\u0434\u043d\u0430 \u043f\u0440\u043e\u0435\u0437\u0436\u0430\u044f \u0447\u0430\u0441\u0442\u044c", "rlane": "\u0414\u0430", "one_way": "\u0434\u0430", "kl_gp": "\u041f\u0440\u043e\u0447\u0430\u044f \u0443\u043b\u0438\u0447\u043d\u043e-\u0434\u043e\u0440\u043e\u0436\u043d\u0430\u044f \u0441\u0435\u0442\u044c \u041c\u043e\u0441\u043a\u0432\u044b", "class_active_2016": "\u0423\u043b\u0438\u0446\u044b \u0438 \u0434\u043e\u0440\u043e\u0433\u0438 \u043c\u0435\u0441\u0442\u043d\u043e\u0433\u043e \u0437\u043d\u0430\u0447\u0435\u043d\u0438\u044f", "offer_2016": "\u0423\u043b\u0438\u0446\u044b \u0438 \u0434\u043e\u0440\u043e\u0433\u0438 \u043c\u0435\u0441\u0442\u043d\u043e\u0433\u043e \u0437\u043d\u0430\u0447\u0435\u043d\u0438\u044f"}}, {"type": "Feature", "geometry": {"type": "Polygon", "coordinates": [[[37.597863409901045, 55.75784191819351], [37.59787933027838, 55.75785083299984], [37.597863409901045, 55.75785083299984], [37.597852796316154, 55.757854398922376], [37.597852796316154, 55.75784191819351], [37.597863409901045, 55.75784191819351]]]}, "properties": {"id": 65, "bound": true, "edge_id": 10, "ID": "{3e6be321-a6e2-40e7-9a8a-7fc0aada1c55}", "na_obj": "\u041d\u0438\u043a\u0438\u0442\u0441\u043a\u0430\u044f \u041c\u0430\u043b\u0430\u044f \u0443\u043b\u0438\u0446\u0430", "um_code": "009790", "no_omk": "-", "ao": "\u0426\u0410\u041e", "rajon": "\u041f\u0440\u0435\u0441\u043d\u0435\u043d\u0441\u043a\u0438\u0439", "status": "\u0421\u0443\u0449\u0435\u0441\u0442\u0432\u0443\u044e\u0449\u0438\u0435", "length": 99.1, "type_uds": "\u041e\u0434\u043d\u0430 \u043f\u0440\u043e\u0435\u0437\u0436\u0430\u044f \u0447\u0430\u0441\u0442\u044c", "rlane": "\u0414\u0430", "one_way": "\u043d\u0435\u0442", "kl_gp": "\u041c\u0430\u0433\u0438\u0441\u0442\u0440\u0430\u043b\u044c\u043d\u044b\u0435 \u0443\u043b\u0438\u0446\u044b \u043e\u0431\u0449\u0435\u0433\u043e\u0440\u043e\u0434\u0441\u043a\u043e\u0433\u043e \u0437\u043d\u0430\u0447\u0435\u043d\u0438\u044f II \u043a\u043b\u0430\u0441\u0441\u0430 \u0446\u0435\u043d\u0442\u0440\u0430", "class_active_2016": "\u0423\u043b\u0438\u0446\u044b \u0438 \u0434\u043e\u0440\u043e\u0433\u0438 \u043c\u0435\u0441\u0442\u043d\u043e\u0433\u043e \u0437\u043d\u0430\u0447\u0435\u043d\u0438\u044f", "offer_2016": "\u041c\u0430\u0433\u0438\u0441\u0442\u0440\u0430\u043b\u044c\u043d\u044b\u0435 \u0443\u043b\u0438\u0446\u044b \u0440\u0430\u0439\u043e\u043d\u043d\u043e\u0433\u043e \u0437\u043d\u0430\u0447\u0435\u043d\u0438\u044f"}}]}